map_id,domain,reference_capability,public_evidence_ids,public_evidence_titles,chesslab_requirement,functional_requirement_id,acceptance,representative_screen_ids,priority,phase,prototype_status,clean_room_boundary
MAP-001,Acquisition & Onboarding,Landing proposition,S33,Improve Your Chess with a Premium Membership,"Explain play, learn, review and community value without requiring authentication.",FR-001,"Given an eligible user and valid starting state, when the ""Landing proposition"" workflow is exercised, ChessLab shall explain play, learn, review and community value without requiring authentication; verify that success, validation failure, denied access, empty/loading state, persistence and analytics are covered on desktop and mobile.","SCR-001,SCR-002,SCR-003,SCR-004",P0,Foundation,Prototype,"Map public behavior and user outcome; implement original ChessLab information architecture, copy, visual design, assets and code."
MAP-002,Acquisition & Onboarding,Multi-method registration,S29,How do I manage my settings?,"Support email, phone and federated sign-in choices with duplicate-account protection.",FR-002,"Given an eligible user and valid starting state, when the ""Multi-method registration"" workflow is exercised, ChessLab shall support email, phone and federated sign-in choices with duplicate-account protection; verify that success, validation failure, denied access, empty/loading state, persistence and analytics are covered on desktop and mobile.","SCR-001,SCR-002,SCR-003,SCR-004",P0,Foundation,Prototype,"Map public behavior and user outcome; implement original ChessLab information architecture, copy, visual design, assets and code."
MAP-003,Acquisition & Onboarding,Age and consent gate,S32,What is safe mode on Chess.com?,Collect age band and parental consent where required before social features unlock.,FR-003,"Given an eligible user and valid starting state, when the ""Age and consent gate"" workflow is exercised, ChessLab shall collect age band and parental consent where required before social features unlock; verify that success, validation failure, denied access, empty/loading state, persistence and analytics are covered on desktop and mobile.","SCR-001,SCR-002,SCR-003,SCR-004",P0,Foundation,Prototype,"Map public behavior and user outcome; implement original ChessLab information architecture, copy, visual design, assets and code."
MAP-004,Acquisition & Onboarding,Skill calibration,"S12,S03","How do Lessons work on Chess.com?,How can I play against the Chess.com bots?","Ask for experience or infer a starting band, then tune onboarding content and bot strength.",FR-004,"Given an eligible user and valid starting state, when the ""Skill calibration"" workflow is exercised, ChessLab shall ask for experience or infer a starting band, then tune onboarding content and bot strength; verify that success, validation failure, denied access, empty/loading state, persistence and analytics are covered on desktop and mobile.","SCR-001,SCR-002,SCR-003,SCR-004",P1,Growth,Mapped,"Map public behavior and user outcome; implement original ChessLab information architecture, copy, visual design, assets and code."
MAP-005,Acquisition & Onboarding,Goal selection,"S12,S13","How do Lessons work on Chess.com?,What is Practice on Chess.com?","Let users choose play, rating improvement, tactics, openings or casual learning goals.",FR-005,"Given an eligible user and valid starting state, when the ""Goal selection"" workflow is exercised, ChessLab shall let users choose play, rating improvement, tactics, openings or casual learning goals; verify that success, validation failure, denied access, empty/loading state, persistence and analytics are covered on desktop and mobile.","SCR-001,SCR-002,SCR-003,SCR-004",P1,Growth,Mapped,"Map public behavior and user outcome; implement original ChessLab information architecture, copy, visual design, assets and code."
MAP-006,Acquisition & Onboarding,Coach preference,S04,How do I play against the Coach?,"Choose a coaching personality, voice and feedback intensity with neutral default.",FR-006,"Given an eligible user and valid starting state, when the ""Coach preference"" workflow is exercised, ChessLab shall choose a coaching personality, voice and feedback intensity with neutral default; verify that success, validation failure, denied access, empty/loading state, persistence and analytics are covered on desktop and mobile.","SCR-001,SCR-002,SCR-003,SCR-004",P1,Coach,Mapped,"Map public behavior and user outcome; implement original ChessLab information architecture, copy, visual design, assets and code."
MAP-007,Acquisition & Onboarding,First success path,"S04,S12","How do I play against the Coach?,How do Lessons work on Chess.com?","Guide a new learner through one legal move, one explanation and one saved progress event.",FR-007,"Given an eligible user and valid starting state, when the ""First success path"" workflow is exercised, ChessLab shall guide a new learner through one legal move, one explanation and one saved progress event; verify that success, validation failure, denied access, empty/loading state, persistence and analytics are covered on desktop and mobile.","SCR-001,SCR-002,SCR-003,SCR-004",P0,Foundation,Prototype,"Map public behavior and user outcome; implement original ChessLab information architecture, copy, visual design, assets and code."
MAP-008,Acquisition & Onboarding,Trial and plan education,S33,Improve Your Chess with a Premium Membership,Explain free limits and premium value before checkout without hiding core play.,FR-008,"Given an eligible user and valid starting state, when the ""Trial and plan education"" workflow is exercised, ChessLab shall explain free limits and premium value before checkout without hiding core play; verify that success, validation failure, denied access, empty/loading state, persistence and analytics are covered on desktop and mobile.","SCR-001,SCR-002,SCR-003,SCR-004",P1,Commerce,Mapped,"Map public behavior and user outcome; implement original ChessLab information architecture, copy, visual design, assets and code."
MAP-009,Home & Personalization,Modular home dashboard,S22,How can I change my homepage?,"Allow home modules to be reordered, shown or hidden per user.",FR-009,"Given an eligible user and valid starting state, when the ""Modular home dashboard"" workflow is exercised, ChessLab shall allow home modules to be reordered, shown or hidden per user; verify that success, validation failure, denied access, empty/loading state, persistence and analytics are covered on desktop and mobile.","SCR-011,SCR-012,SCR-013,SCR-014",P1,Growth,Mapped,"Map public behavior and user outcome; implement original ChessLab information architecture, copy, visual design, assets and code."
MAP-010,Home & Personalization,Continue activity,"S20,S08","How do I view my own games?,How do I use Game Collections?","Surface active games, unfinished lessons, analysis drafts and branch conversations.",FR-010,"Given an eligible user and valid starting state, when the ""Continue activity"" workflow is exercised, ChessLab shall surface active games, unfinished lessons, analysis drafts and branch conversations; verify that the result survives reload and a stale concurrent write returns an explicit conflict instead of silent loss.","SCR-011,SCR-012,SCR-013,SCR-014",P0,Foundation,Prototype,"Map public behavior and user outcome; implement original ChessLab information architecture, copy, visual design, assets and code."
MAP-011,Home & Personalization,Quick play launcher,S19,How does matchmaking work in Live Chess?,Start a default game from the home surface in one action.,FR-011,"Given an eligible user and valid starting state, when the ""Quick play launcher"" workflow is exercised, ChessLab shall start a default game from the home surface in one action; verify that success, validation failure, denied access, empty/loading state, persistence and analytics are covered on desktop and mobile.","SCR-011,SCR-012,SCR-013,SCR-014",P0,Foundation,Prototype,"Map public behavior and user outcome; implement original ChessLab information architecture, copy, visual design, assets and code."
MAP-012,Home & Personalization,Daily learning card,S10,How do Puzzles work on Chess.com?,Offer a daily puzzle or lesson with streak credit and recovery state.,FR-012,"Given an eligible user and valid starting state, when the ""Daily learning card"" workflow is exercised, ChessLab shall offer a daily puzzle or lesson with streak credit and recovery state; verify that success, validation failure, denied access, empty/loading state, persistence and analytics are covered on desktop and mobile.","SCR-011,SCR-012,SCR-013,SCR-014",P1,Learning,Mapped,"Map public behavior and user outcome; implement original ChessLab information architecture, copy, visual design, assets and code."
MAP-013,Home & Personalization,Progress pulse,"S23,S24,S25","How can I see my opening stats?,What is Insights on Chess.com?,How do I use Advanced Stats?","Summarize rating trends, accuracy, recent mistakes and recommended next action.",FR-013,"Given an eligible user and valid starting state, when the ""Progress pulse"" workflow is exercised, ChessLab shall summarize rating trends, accuracy, recent mistakes and recommended next action; verify that success, validation failure, denied access, empty/loading state, persistence and analytics are covered on desktop and mobile.","SCR-011,SCR-012,SCR-013,SCR-014",P1,Insights,Mapped,"Map public behavior and user outcome; implement original ChessLab information architecture, copy, visual design, assets and code."
MAP-014,Home & Personalization,Event discovery,"S26,S15","What is ChessTV?,How do live tournaments work?",Show current and upcoming broadcasts or tournaments relevant to the user.,FR-014,"Given an eligible user and valid starting state, when the ""Event discovery"" workflow is exercised, ChessLab shall show current and upcoming broadcasts or tournaments relevant to the user; verify that empty, loading, no-result, permission-filtered and paginated states are covered.","SCR-011,SCR-012,SCR-013,SCR-014",P2,Community,Mapped,"Map public behavior and user outcome; implement original ChessLab information architecture, copy, visual design, assets and code."
MAP-015,Home & Personalization,Social inbox summary,"S28,S27","How do I open a chat window with my friend?,How do Chess.com clubs work?","Aggregate friend requests, messages, club activity and notifications.",FR-015,"Given an eligible user and valid starting state, when the ""Social inbox summary"" workflow is exercised, ChessLab shall aggregate friend requests, messages, club activity and notifications; verify that success, validation failure, denied access, empty/loading state, persistence and analytics are covered on desktop and mobile.","SCR-011,SCR-012,SCR-013,SCR-014",P2,Community,Mapped,"Map public behavior and user outcome; implement original ChessLab information architecture, copy, visual design, assets and code."
MAP-016,Home & Personalization,Streaks and habits,S10,How do Puzzles work on Chess.com?,"Track consecutive active days across play, puzzles, lessons and review.",FR-016,"Given an eligible user and valid starting state, when the ""Streaks and habits"" workflow is exercised, ChessLab shall track consecutive active days across play, puzzles, lessons and review; verify that success, validation failure, denied access, empty/loading state, persistence and analytics are covered on desktop and mobile.","SCR-011,SCR-012,SCR-013,SCR-014",P2,Growth,Mapped,"Map public behavior and user outcome; implement original ChessLab information architecture, copy, visual design, assets and code."
MAP-017,Live Play,Time control presets,S19,How does matchmaking work in Live Chess?,"Support standard Bullet, Blitz, Rapid and custom initial-plus-increment clocks.",FR-017,"Given an eligible user and valid starting state, when the ""Time control presets"" workflow is exercised, ChessLab shall support standard Bullet, Blitz, Rapid and custom initial-plus-increment clocks; verify that legal state, turn, clock or deadline, result and rating consequences are server-authoritative and consistent after reconnect.","SCR-020,SCR-021,SCR-022,SCR-023",P0,Play,Mapped,"Map public behavior and user outcome; implement original ChessLab information architecture, copy, visual design, assets and code."
MAP-018,Live Play,Rated or casual toggle,S19,How does matchmaking work in Live Chess?,Allow rated and unrated challenges with clear consequences.,FR-018,"Given an eligible user and valid starting state, when the ""Rated or casual toggle"" workflow is exercised, ChessLab shall allow rated and unrated challenges with clear consequences; verify that legal state, turn, clock or deadline, result and rating consequences are server-authoritative and consistent after reconnect.","SCR-020,SCR-021,SCR-022,SCR-023",P0,Play,Mapped,"Map public behavior and user outcome; implement original ChessLab information architecture, copy, visual design, assets and code."
MAP-019,Live Play,Rating range controls,S19,How does matchmaking work in Live Chess?,Set relative opponent rating bounds and warn about queue impact.,FR-019,"Given an eligible user and valid starting state, when the ""Rating range controls"" workflow is exercised, ChessLab shall set relative opponent rating bounds and warn about queue impact; verify that legal state, turn, clock or deadline, result and rating consequences are server-authoritative and consistent after reconnect.","SCR-020,SCR-021,SCR-022,SCR-023",P1,Play,Mapped,"Map public behavior and user outcome; implement original ChessLab information architecture, copy, visual design, assets and code."
MAP-020,Live Play,Fast matchmaking,"S19,S32","How does matchmaking work in Live Chess?,What is safe mode on Chess.com?","Search narrow first, expand safely, and respect blocks and abuse controls.",FR-020,"Given an eligible user and valid starting state, when the ""Fast matchmaking"" workflow is exercised, ChessLab shall search narrow first, expand safely, and respect blocks and abuse controls; verify that legal state, turn, clock or deadline, result and rating consequences are server-authoritative and consistent after reconnect.","SCR-020,SCR-021,SCR-022,SCR-023",P0,Play,Mapped,"Map public behavior and user outcome; implement original ChessLab information architecture, copy, visual design, assets and code."
MAP-021,Live Play,Direct challenge,S28,How do I open a chat window with my friend?,Challenge a friend or named user with shareable acceptance state.,FR-021,"Given an eligible user and valid starting state, when the ""Direct challenge"" workflow is exercised, ChessLab shall challenge a friend or named user with shareable acceptance state; verify that legal state, turn, clock or deadline, result and rating consequences are server-authoritative and consistent after reconnect.","SCR-020,SCR-021,SCR-022,SCR-023",P1,Play,Mapped,"Map public behavior and user outcome; implement original ChessLab information architecture, copy, visual design, assets and code."
MAP-022,Live Play,Open challenge browser,S19,How does matchmaking work in Live Chess?,List and chart public seeks with filters and instant acceptance.,FR-022,"Given an eligible user and valid starting state, when the ""Open challenge browser"" workflow is exercised, ChessLab shall list and chart public seeks with filters and instant acceptance; verify that legal state, turn, clock or deadline, result and rating consequences are server-authoritative and consistent after reconnect.","SCR-020,SCR-021,SCR-022,SCR-023",P2,Play,Mapped,"Map public behavior and user outcome; implement original ChessLab information architecture, copy, visual design, assets and code."
MAP-023,Live Play,Real-time game workspace,S19,How does matchmaking work in Live Chess?,"Render board, clocks, move list, player cards, status and game actions in sync.",FR-023,"Given an eligible user and valid starting state, when the ""Real-time game workspace"" workflow is exercised, ChessLab shall render board, clocks, move list, player cards, status and game actions in sync; verify that legal state, turn, clock or deadline, result and rating consequences are server-authoritative and consistent after reconnect.","SCR-020,SCR-021,SCR-022,SCR-023",P0,Play,Mapped,"Map public behavior and user outcome; implement original ChessLab information architecture, copy, visual design, assets and code."
MAP-024,Live Play,Move entry methods,S29,How do I manage my settings?,"Support click-click, drag, keyboard notation where accessible, and promotion choice.",FR-024,"Given an eligible user and valid starting state, when the ""Move entry methods"" workflow is exercised, ChessLab shall support click-click, drag, keyboard notation where accessible, and promotion choice; verify that legal state, turn, clock or deadline, result and rating consequences are server-authoritative and consistent after reconnect.","SCR-020,SCR-021,SCR-022,SCR-023",P0,Play,Mapped,"Map public behavior and user outcome; implement original ChessLab information architecture, copy, visual design, assets and code."
MAP-025,Live Play,Premoves and confirmations,S29,How do I manage my settings?,Offer premoves and optional move confirmation by game type and device.,FR-025,"Given an eligible user and valid starting state, when the ""Premoves and confirmations"" workflow is exercised, ChessLab shall offer premoves and optional move confirmation by game type and device; verify that legal state, turn, clock or deadline, result and rating consequences are server-authoritative and consistent after reconnect.","SCR-020,SCR-021,SCR-022,SCR-023",P1,Play,Mapped,"Map public behavior and user outcome; implement original ChessLab information architecture, copy, visual design, assets and code."
MAP-026,Live Play,"Draw, resign, abort and timeout",S31,What do I need to know about Fair Play?,"Model all terminal states, permissions and rating consequences.",FR-026,"Given an eligible user and valid starting state, when the ""Draw, resign, abort and timeout"" workflow is exercised, ChessLab shall model all terminal states, permissions and rating consequences; verify that legal state, turn, clock or deadline, result and rating consequences are server-authoritative and consistent after reconnect.","SCR-020,SCR-021,SCR-022,SCR-023",P0,Play,Mapped,"Map public behavior and user outcome; implement original ChessLab information architecture, copy, visual design, assets and code."
MAP-027,Live Play,Reconnect and clock authority,S19,How does matchmaking work in Live Chess?,Resume transient disconnects while preserving server-authoritative clocks.,FR-027,"Given an eligible user and valid starting state, when the ""Reconnect and clock authority"" workflow is exercised, ChessLab shall resume transient disconnects while preserving server-authoritative clocks; verify that legal state, turn, clock or deadline, result and rating consequences are server-authoritative and consistent after reconnect.","SCR-020,SCR-021,SCR-022,SCR-023",P0,Scale,Mapped,"Map public behavior and user outcome; implement original ChessLab information architecture, copy, visual design, assets and code."
MAP-028,Live Play,Focus mode,S29,How do I manage my settings?,"Collapse distractions to board, clocks and essential actions.",FR-028,"Given an eligible user and valid starting state, when the ""Focus mode"" workflow is exercised, ChessLab shall collapse distractions to board, clocks and essential actions; verify that legal state, turn, clock or deadline, result and rating consequences are server-authoritative and consistent after reconnect.","SCR-020,SCR-021,SCR-022,SCR-023",P1,Play,Mapped,"Map public behavior and user outcome; implement original ChessLab information architecture, copy, visual design, assets and code."
MAP-029,Live Play,Post-game hub,"S05,S21,S31","How does Game Review work?,How do I get a PGN of my game?,What do I need to know about Fair Play?","Offer rematch, review, analysis, share, report and next-game actions.",FR-029,"Given an eligible user and valid starting state, when the ""Post-game hub"" workflow is exercised, ChessLab shall offer rematch, review, analysis, share, report and next-game actions; verify that legal state, turn, clock or deadline, result and rating consequences are server-authoritative and consistent after reconnect.","SCR-020,SCR-021,SCR-022,SCR-023",P0,Play,Mapped,"Map public behavior and user outcome; implement original ChessLab information architecture, copy, visual design, assets and code."
MAP-030,Daily & Correspondence,Days-per-move games,S17,What is Daily Chess?,Support long-running games with per-move deadlines and multiple concurrent boards.,FR-030,"Given an eligible user and valid starting state, when the ""Days-per-move games"" workflow is exercised, ChessLab shall support long-running games with per-move deadlines and multiple concurrent boards; verify that legal state, turn, clock or deadline, result and rating consequences are server-authoritative and consistent after reconnect.","SCR-034,SCR-035,SCR-036,SCR-037",P1,Play,Mapped,"Map public behavior and user outcome; implement original ChessLab information architecture, copy, visual design, assets and code."
MAP-031,Daily & Correspondence,Daily challenge filters,S17,What is Daily Chess?,"Filter by move speed, minimum games, timeout history and membership.",FR-031,"Given an eligible user and valid starting state, when the ""Daily challenge filters"" workflow is exercised, ChessLab shall filter by move speed, minimum games, timeout history and membership; verify that legal state, turn, clock or deadline, result and rating consequences are server-authoritative and consistent after reconnect.","SCR-034,SCR-035,SCR-036,SCR-037",P2,Play,Mapped,"Map public behavior and user outcome; implement original ChessLab information architecture, copy, visual design, assets and code."
MAP-032,Daily & Correspondence,Vacation state,S17,What is Daily Chess?,Pause eligible clocks according to policy and expose remaining allowance.,FR-032,"Given an eligible user and valid starting state, when the ""Vacation state"" workflow is exercised, ChessLab shall pause eligible clocks according to policy and expose remaining allowance; verify that legal state, turn, clock or deadline, result and rating consequences are server-authoritative and consistent after reconnect.","SCR-034,SCR-035,SCR-036,SCR-037",P2,Play,Mapped,"Map public behavior and user outcome; implement original ChessLab information architecture, copy, visual design, assets and code."
MAP-033,Daily & Correspondence,Conditional move trees,S17,What is Daily Chess?,Let players pre-author multiple response lines while it is the opponent turn.,FR-033,"Given an eligible user and valid starting state, when the ""Conditional move trees"" workflow is exercised, ChessLab shall let players pre-author multiple response lines while it is the opponent turn; verify that legal state, turn, clock or deadline, result and rating consequences are server-authoritative and consistent after reconnect.","SCR-034,SCR-035,SCR-036,SCR-037",P2,Play,Mapped,"Map public behavior and user outcome; implement original ChessLab information architecture, copy, visual design, assets and code."
MAP-034,Daily & Correspondence,Allowed study workspace,"S30,S31","What counts as cheating on Chess.com?,What do I need to know about Fair Play?",Permit non-engine self-analysis and opening reference only where policy allows.,FR-034,"Given an eligible user and valid starting state, when the ""Allowed study workspace"" workflow is exercised, ChessLab shall permit non-engine self-analysis and opening reference only where policy allows; verify that legal state, turn, clock or deadline, result and rating consequences are server-authoritative and consistent after reconnect.","SCR-034,SCR-035,SCR-036,SCR-037",P0,Trust,Mapped,"Map public behavior and user outcome; implement original ChessLab information architecture, copy, visual design, assets and code."
MAP-035,Daily & Correspondence,Daily game notifications,S29,How do I manage my settings?,"Send configurable turn, low-time, invitation and result reminders.",FR-035,"Given an eligible user and valid starting state, when the ""Daily game notifications"" workflow is exercised, ChessLab shall send configurable turn, low-time, invitation and result reminders; verify that legal state, turn, clock or deadline, result and rating consequences are server-authoritative and consistent after reconnect; delivery respects channel preferences, blocks, abuse controls and unread-state reconciliation.","SCR-034,SCR-035,SCR-036,SCR-037",P1,Platform,Mapped,"Map public behavior and user outcome; implement original ChessLab information architecture, copy, visual design, assets and code."
MAP-036,Bots & Guided Coach,Bot catalog,S03,How can I play against the Chess.com bots?,"Browse opponents by level, style, theme and completion state.",FR-036,"Given an eligible user and valid starting state, when the ""Bot catalog"" workflow is exercised, ChessLab shall browse opponents by level, style, theme and completion state; verify that the displayed board, move history, score perspective, evidence version and explanation refer to the same immutable node; an ongoing human game is rejected before engine or coach execution.","SCR-041,SCR-042,SCR-043,SCR-044",P1,Coach,Mapped,"Map public behavior and user outcome; implement original ChessLab information architecture, copy, visual design, assets and code."
MAP-037,Bots & Guided Coach,Bot profile,S03,How can I play against the Chess.com bots?,"Show estimated strength, behavior description, optional assistance and rewards.",FR-037,"Given an eligible user and valid starting state, when the ""Bot profile"" workflow is exercised, ChessLab shall show estimated strength, behavior description, optional assistance and rewards; verify that the displayed board, move history, score perspective, evidence version and explanation refer to the same immutable node; an ongoing human game is rejected before engine or coach execution.","SCR-041,SCR-042,SCR-043,SCR-044",P1,Coach,Mapped,"Map public behavior and user outcome; implement original ChessLab information architecture, copy, visual design, assets and code."
MAP-038,Bots & Guided Coach,Adaptive opponent,S03,How can I play against the Chess.com bots?,Adjust challenge within bounded rules without misrepresenting calibrated human rating.,FR-038,"Given an eligible user and valid starting state, when the ""Adaptive opponent"" workflow is exercised, ChessLab shall adjust challenge within bounded rules without misrepresenting calibrated human rating; verify that the displayed board, move history, score perspective, evidence version and explanation refer to the same immutable node; an ongoing human game is rejected before engine or coach execution.","SCR-041,SCR-042,SCR-043,SCR-044",P2,Coach,Mapped,"Map public behavior and user outcome; implement original ChessLab information architecture, copy, visual design, assets and code."
MAP-039,Bots & Guided Coach,Fixed engine opponent,S03,How can I play against the Chess.com bots?,Expose deterministic strength settings and search limits for practice.,FR-039,"Given an eligible user and valid starting state, when the ""Fixed engine opponent"" workflow is exercised, ChessLab shall expose deterministic strength settings and search limits for practice; verify that the displayed board, move history, score perspective, evidence version and explanation refer to the same immutable node; an ongoing human game is rejected before engine or coach execution.","SCR-041,SCR-042,SCR-043,SCR-044",P0,Coach,Prototype,"Map public behavior and user outcome; implement original ChessLab information architecture, copy, visual design, assets and code."
MAP-040,Bots & Guided Coach,Coach setup,S04,How do I play against the Coach?,"Choose strength, side, coach persona and assistance preferences before play.",FR-040,"Given an eligible user and valid starting state, when the ""Coach setup"" workflow is exercised, ChessLab shall choose strength, side, coach persona and assistance preferences before play; verify that the displayed board, move history, score perspective, evidence version and explanation refer to the same immutable node; an ongoing human game is rejected before engine or coach execution.","SCR-041,SCR-042,SCR-043,SCR-044",P0,Coach,Prototype,"Map public behavior and user outcome; implement original ChessLab information architecture, copy, visual design, assets and code."
MAP-041,Bots & Guided Coach,Move-by-move feedback,S04,How do I play against the Coach?,Explain move quality and strategic consequence after each move in guided games.,FR-041,"Given an eligible user and valid starting state, when the ""Move-by-move feedback"" workflow is exercised, ChessLab shall explain move quality and strategic consequence after each move in guided games; verify that the displayed board, move history, score perspective, evidence version and explanation refer to the same immutable node; an ongoing human game is rejected before engine or coach execution.","SCR-041,SCR-042,SCR-043,SCR-044",P0,Coach,Prototype,"Map public behavior and user outcome; implement original ChessLab information architecture, copy, visual design, assets and code."
MAP-042,Bots & Guided Coach,Hints and progressive reveal,S04,How do I play against the Coach?,"Offer concept hint first, candidate region second, best move last.",FR-042,"Given an eligible user and valid starting state, when the ""Hints and progressive reveal"" workflow is exercised, ChessLab shall offer concept hint first, candidate region second, best move last; verify that the displayed board, move history, score perspective, evidence version and explanation refer to the same immutable node; an ongoing human game is rejected before engine or coach execution.","SCR-041,SCR-042,SCR-043,SCR-044",P0,Coach,Prototype,"Map public behavior and user outcome; implement original ChessLab information architecture, copy, visual design, assets and code."
MAP-043,Bots & Guided Coach,Undo and retry,S04,How do I play against the Coach?,Allow learner-safe reversal without affecting competitive ratings.,FR-043,"Given an eligible user and valid starting state, when the ""Undo and retry"" workflow is exercised, ChessLab shall allow learner-safe reversal without affecting competitive ratings; verify that the displayed board, move history, score perspective, evidence version and explanation refer to the same immutable node; an ongoing human game is rejected before engine or coach execution.","SCR-041,SCR-042,SCR-043,SCR-044",P0,Coach,Prototype,"Map public behavior and user outcome; implement original ChessLab information architecture, copy, visual design, assets and code."
MAP-044,Bots & Guided Coach,Threat and suggestion overlays,S04,How do I play against the Coach?,Render original visual arrows and highlights tied to verified board facts.,FR-044,"Given an eligible user and valid starting state, when the ""Threat and suggestion overlays"" workflow is exercised, ChessLab shall render original visual arrows and highlights tied to verified board facts; verify that the displayed board, move history, score perspective, evidence version and explanation refer to the same immutable node; an ongoing human game is rejected before engine or coach execution.","SCR-041,SCR-042,SCR-043,SCR-044",P1,Coach,Mapped,"Map public behavior and user outcome; implement original ChessLab information architecture, copy, visual design, assets and code."
MAP-045,Bots & Guided Coach,Resume guided games,"S04,S35","How do I play against the Coach?,Does Chess.com have an app?",Persist coach and bot sessions across navigation and devices.,FR-045,"Given an eligible user and valid starting state, when the ""Resume guided games"" workflow is exercised, ChessLab shall persist coach and bot sessions across navigation and devices; verify that the displayed board, move history, score perspective, evidence version and explanation refer to the same immutable node; an ongoing human game is rejected before engine or coach execution; the result survives reload and a stale concurrent write returns an explicit conflict instead of silent loss.","SCR-041,SCR-042,SCR-043,SCR-044",P1,Platform,Mapped,"Map public behavior and user outcome; implement original ChessLab information architecture, copy, visual design, assets and code."
MAP-046,Bots & Guided Coach,Custom-position practice,S13,What is Practice on Chess.com?,"Start bot or coach play from imported FEN, game node or constructed setup.",FR-046,"Given an eligible user and valid starting state, when the ""Custom-position practice"" workflow is exercised, ChessLab shall start bot or coach play from imported FEN, game node or constructed setup; verify that the displayed board, move history, score perspective, evidence version and explanation refer to the same immutable node; an ongoing human game is rejected before engine or coach execution.","SCR-041,SCR-042,SCR-043,SCR-044",P1,Coach,Mapped,"Map public behavior and user outcome; implement original ChessLab information architecture, copy, visual design, assets and code."
MAP-047,Game Review & Analysis,Review generation,"S05,S07","How does Game Review work?,What is Cloud Analysis and how do I use it?","Create a post-game analysis job with stable version, engine limits and progress state.",FR-047,"Given an eligible user and valid starting state, when the ""Review generation"" workflow is exercised, ChessLab shall create a post-game analysis job with stable version, engine limits and progress state; verify that the displayed board, move history, score perspective, evidence version and explanation refer to the same immutable node; an ongoing human game is rejected before engine or coach execution.","SCR-050,SCR-051,SCR-052,SCR-053",P0,Analysis,Prototype,"Map public behavior and user outcome; implement original ChessLab information architecture, copy, visual design, assets and code."
MAP-048,Game Review & Analysis,Review highlights,S05,How does Game Review work?,"Summarize accuracy, opening, result, advantage graph and decisive moments.",FR-048,"Given an eligible user and valid starting state, when the ""Review highlights"" workflow is exercised, ChessLab shall summarize accuracy, opening, result, advantage graph and decisive moments; verify that the displayed board, move history, score perspective, evidence version and explanation refer to the same immutable node; an ongoing human game is rejected before engine or coach execution.","SCR-050,SCR-051,SCR-052,SCR-053",P0,Analysis,Prototype,"Map public behavior and user outcome; implement original ChessLab information architecture, copy, visual design, assets and code."
MAP-049,Game Review & Analysis,Move classification,"S05,S02","How does Game Review work?,What is the PubAPI and how do I use it?","Classify moves consistently, explain uncertainty and avoid proprietary glyph copying.",FR-049,"Given an eligible user and valid starting state, when the ""Move classification"" workflow is exercised, ChessLab shall classify moves consistently, explain uncertainty and avoid proprietary glyph copying; verify that the displayed board, move history, score perspective, evidence version and explanation refer to the same immutable node; an ongoing human game is rejected before engine or coach execution.","SCR-050,SCR-051,SCR-052,SCR-053",P0,Analysis,Prototype,"Map public behavior and user outcome; implement original ChessLab information architecture, copy, visual design, assets and code."
MAP-050,Game Review & Analysis,Key-moment navigation,S05,How does Game Review work?,"Jump among critical moments while keeping board, graph and explanation synchronized.",FR-050,"Given an eligible user and valid starting state, when the ""Key-moment navigation"" workflow is exercised, ChessLab shall jump among critical moments while keeping board, graph and explanation synchronized; verify that the displayed board, move history, score perspective, evidence version and explanation refer to the same immutable node; an ongoing human game is rejected before engine or coach execution.","SCR-050,SCR-051,SCR-052,SCR-053",P0,Analysis,Prototype,"Map public behavior and user outcome; implement original ChessLab information architecture, copy, visual design, assets and code."
MAP-051,Game Review & Analysis,Retry from mistake,S05,How does Game Review work?,Let the learner replay a critical position and compare the new result.,FR-051,"Given an eligible user and valid starting state, when the ""Retry from mistake"" workflow is exercised, ChessLab shall let the learner replay a critical position and compare the new result; verify that the displayed board, move history, score perspective, evidence version and explanation refer to the same immutable node; an ongoing human game is rejected before engine or coach execution.","SCR-050,SCR-051,SCR-052,SCR-053",P0,Analysis,Prototype,"Map public behavior and user outcome; implement original ChessLab information architecture, copy, visual design, assets and code."
MAP-052,Game Review & Analysis,Coach narration,S05,How does Game Review work?,"Provide concise written feedback, optional audio and selectable detail level.",FR-052,"Given an eligible user and valid starting state, when the ""Coach narration"" workflow is exercised, ChessLab shall provide concise written feedback, optional audio and selectable detail level; verify that the displayed board, move history, score perspective, evidence version and explanation refer to the same immutable node; an ongoing human game is rejected before engine or coach execution.","SCR-050,SCR-051,SCR-052,SCR-053",P1,Coach,Mapped,"Map public behavior and user outcome; implement original ChessLab information architecture, copy, visual design, assets and code."
MAP-053,Game Review & Analysis,Self-analysis board,S06,How do I use Game Analysis?,"Explore legal continuations manually with engine toggle, lines and evaluation.",FR-053,"Given an eligible user and valid starting state, when the ""Self-analysis board"" workflow is exercised, ChessLab shall explore legal continuations manually with engine toggle, lines and evaluation; verify that the displayed board, move history, score perspective, evidence version and explanation refer to the same immutable node; an ongoing human game is rejected before engine or coach execution.","SCR-050,SCR-051,SCR-052,SCR-053",P0,Analysis,Prototype,"Map public behavior and user outcome; implement original ChessLab information architecture, copy, visual design, assets and code."
MAP-054,Game Review & Analysis,Multi-line engine analysis,"S06,S07","How do I use Game Analysis?,What is Cloud Analysis and how do I use it?","Show bounded principal variations, depth, engine identity and score perspective.",FR-054,"Given an eligible user and valid starting state, when the ""Multi-line engine analysis"" workflow is exercised, ChessLab shall show bounded principal variations, depth, engine identity and score perspective; verify that the displayed board, move history, score perspective, evidence version and explanation refer to the same immutable node; an ongoing human game is rejected before engine or coach execution.","SCR-050,SCR-051,SCR-052,SCR-053",P0,Analysis,Prototype,"Map public behavior and user outcome; implement original ChessLab information architecture, copy, visual design, assets and code."
MAP-055,Game Review & Analysis,Charts,S06,How do I use Game Analysis?,"Plot score, time, best-move difference and learning themes against move index.",FR-055,"Given an eligible user and valid starting state, when the ""Charts"" workflow is exercised, ChessLab shall plot score, time, best-move difference and learning themes against move index; verify that the displayed board, move history, score perspective, evidence version and explanation refer to the same immutable node; an ongoing human game is rejected before engine or coach execution.","SCR-050,SCR-051,SCR-052,SCR-053",P1,Insights,Mapped,"Map public behavior and user outcome; implement original ChessLab information architecture, copy, visual design, assets and code."
MAP-056,Game Review & Analysis,Annotations,"S06,S21","How do I use Game Analysis?,How do I get a PGN of my game?","Attach comments, arrows, square highlights, symbols and variation lines to nodes.",FR-056,"Given an eligible user and valid starting state, when the ""Annotations"" workflow is exercised, ChessLab shall attach comments, arrows, square highlights, symbols and variation lines to nodes; verify that the displayed board, move history, score perspective, evidence version and explanation refer to the same immutable node; an ongoing human game is rejected before engine or coach execution.","SCR-050,SCR-051,SCR-052,SCR-053",P0,Analysis,Prototype,"Map public behavior and user outcome; implement original ChessLab information architecture, copy, visual design, assets and code."
MAP-057,Game Review & Analysis,Cloud analysis tier,S07,What is Cloud Analysis and how do I use it?,"Queue deeper server-side analysis with quotas, cancellation and cost controls.",FR-057,"Given an eligible user and valid starting state, when the ""Cloud analysis tier"" workflow is exercised, ChessLab shall queue deeper server-side analysis with quotas, cancellation and cost controls; verify that the displayed board, move history, score perspective, evidence version and explanation refer to the same immutable node; an ongoing human game is rejected before engine or coach execution.","SCR-050,SCR-051,SCR-052,SCR-053",P1,Scale,Mapped,"Map public behavior and user outcome; implement original ChessLab information architecture, copy, visual design, assets and code."
MAP-058,Game Review & Analysis,Import PGN and FEN,S21,How do I get a PGN of my game?,"Validate untrusted input, preserve the current study on failure and record provenance.",FR-058,"Given an eligible user and valid starting state, when the ""Import PGN and FEN"" workflow is exercised, ChessLab shall validate untrusted input, preserve the current study on failure and record provenance; verify that the displayed board, move history, score perspective, evidence version and explanation refer to the same immutable node; an ongoing human game is rejected before engine or coach execution; malformed or oversized input is rejected without replacing the current game or study, and accepted input retains provenance.","SCR-050,SCR-051,SCR-052,SCR-053",P0,Analysis,Prototype,"Map public behavior and user outcome; implement original ChessLab information architecture, copy, visual design, assets and code."
MAP-059,Game Review & Analysis,Export annotated study,S21,How do I get a PGN of my game?,"Export PGN or native study with comments, branches, timestamps and engine metadata.",FR-059,"Given an eligible user and valid starting state, when the ""Export annotated study"" workflow is exercised, ChessLab shall export PGN or native study with comments, branches, timestamps and engine metadata; verify that the displayed board, move history, score perspective, evidence version and explanation refer to the same immutable node; an ongoing human game is rejected before engine or coach execution; private or revoked content is never exposed and the exported representation round-trips supported data.","SCR-050,SCR-051,SCR-052,SCR-053",P0,Analysis,Prototype,"Map public behavior and user outcome; implement original ChessLab information architecture, copy, visual design, assets and code."
MAP-060,Game Review & Analysis,Continue from position,S06,How do I use Game Analysis?,Launch legal practice or bot play from any completed-game or study node.,FR-060,"Given an eligible user and valid starting state, when the ""Continue from position"" workflow is exercised, ChessLab shall launch legal practice or bot play from any completed-game or study node; verify that the displayed board, move history, score perspective, evidence version and explanation refer to the same immutable node; an ongoing human game is rejected before engine or coach execution; the result survives reload and a stale concurrent write returns an explicit conflict instead of silent loss.","SCR-050,SCR-051,SCR-052,SCR-053",P1,Coach,Mapped,"Map public behavior and user outcome; implement original ChessLab information architecture, copy, visual design, assets and code."
MAP-061,Branch-Native Conversational Tutor,History-bearing node model,S37,ChessLab Product Context,"Store board state plus rule-relevant history, not FEN alone.",FR-061,"Given an eligible user and valid starting state, when the ""History-bearing node model"" workflow is exercised, ChessLab shall store board state plus rule-relevant history, not FEN alone; verify that the displayed board, move history, score perspective, evidence version and explanation refer to the same immutable node; an ongoing human game is rejected before engine or coach execution; the result survives reload and a stale concurrent write returns an explicit conflict instead of silent loss.","SCR-065,SCR-066,SCR-067,SCR-068",P0,Differentiator,Prototype,"Map public behavior and user outcome; implement original ChessLab information architecture, copy, visual design, assets and code."
MAP-062,Branch-Native Conversational Tutor,Nested branch tree,S37,ChessLab Product Context,Create alternatives inside alternatives without altering the actual game line.,FR-062,"Given an eligible user and valid starting state, when the ""Nested branch tree"" workflow is exercised, ChessLab shall create alternatives inside alternatives without altering the actual game line; verify that the displayed board, move history, score perspective, evidence version and explanation refer to the same immutable node; an ongoing human game is rejected before engine or coach execution.","SCR-065,SCR-066,SCR-067,SCR-068",P0,Differentiator,Prototype,"Map public behavior and user outcome; implement original ChessLab information architecture, copy, visual design, assets and code."
MAP-063,Branch-Native Conversational Tutor,Stable return anchors,S37,ChessLab Product Context,Return from exploration to the exact original node and preserve every sibling branch.,FR-063,"Given an eligible user and valid starting state, when the ""Stable return anchors"" workflow is exercised, ChessLab shall return from exploration to the exact original node and preserve every sibling branch; verify that the displayed board, move history, score perspective, evidence version and explanation refer to the same immutable node; an ongoing human game is rejected before engine or coach execution.","SCR-065,SCR-066,SCR-067,SCR-068",P0,Differentiator,Prototype,"Map public behavior and user outcome; implement original ChessLab information architecture, copy, visual design, assets and code."
MAP-064,Branch-Native Conversational Tutor,Node-attached questions,S37,ChessLab Product Context,"Bind each learner question and answer to a position, branch and evidence version.",FR-064,"Given an eligible user and valid starting state, when the ""Node-attached questions"" workflow is exercised, ChessLab shall bind each learner question and answer to a position, branch and evidence version; verify that the displayed board, move history, score perspective, evidence version and explanation refer to the same immutable node; an ongoing human game is rejected before engine or coach execution.","SCR-065,SCR-066,SCR-067,SCR-068",P0,Differentiator,Prototype,"Map public behavior and user outcome; implement original ChessLab information architecture, copy, visual design, assets and code."
MAP-065,Branch-Native Conversational Tutor,"Ask why, what-if and compare",S37,ChessLab Product Context,"Support causal questions, alternative replies and side-by-side branch comparison.",FR-065,"Given an eligible user and valid starting state, when the ""Ask why, what-if and compare"" workflow is exercised, ChessLab shall support causal questions, alternative replies and side-by-side branch comparison; verify that the displayed board, move history, score perspective, evidence version and explanation refer to the same immutable node; an ongoing human game is rejected before engine or coach execution.","SCR-065,SCR-066,SCR-067,SCR-068",P0,Differentiator,Prototype,"Map public behavior and user outcome; implement original ChessLab information architecture, copy, visual design, assets and code."
MAP-066,Branch-Native Conversational Tutor,Evidence panel,S37,ChessLab Product Context,"Separate legal facts, engine estimates, demonstrated lines and uncertain explanations.",FR-066,"Given an eligible user and valid starting state, when the ""Evidence panel"" workflow is exercised, ChessLab shall separate legal facts, engine estimates, demonstrated lines and uncertain explanations; verify that the displayed board, move history, score perspective, evidence version and explanation refer to the same immutable node; an ongoing human game is rejected before engine or coach execution.","SCR-065,SCR-066,SCR-067,SCR-068",P0,Differentiator,Prototype,"Map public behavior and user outcome; implement original ChessLab information architecture, copy, visual design, assets and code."
MAP-067,Branch-Native Conversational Tutor,Board-text agreement,S37,ChessLab Product Context,"Guarantee that arrows, highlighted pieces, material counts and prose reference one node.",FR-067,"Given an eligible user and valid starting state, when the ""Board-text agreement"" workflow is exercised, ChessLab shall guarantee that arrows, highlighted pieces, material counts and prose reference one node; verify that the displayed board, move history, score perspective, evidence version and explanation refer to the same immutable node; an ongoing human game is rejected before engine or coach execution.","SCR-065,SCR-066,SCR-067,SCR-068",P0,Differentiator,Prototype,"Map public behavior and user outcome; implement original ChessLab information architecture, copy, visual design, assets and code."
MAP-068,Branch-Native Conversational Tutor,Misunderstanding model,S37,ChessLab Product Context,"Capture the learner prediction, expose the failing assumption and schedule a related retry.",FR-068,"Given an eligible user and valid starting state, when the ""Misunderstanding model"" workflow is exercised, ChessLab shall capture the learner prediction, expose the failing assumption and schedule a related retry; verify that the displayed board, move history, score perspective, evidence version and explanation refer to the same immutable node; an ongoing human game is rejected before engine or coach execution.","SCR-065,SCR-066,SCR-067,SCR-068",P1,Differentiator,Mapped,"Map public behavior and user outcome; implement original ChessLab information architecture, copy, visual design, assets and code."
MAP-069,Branch-Native Conversational Tutor,Teach-back check,S37,ChessLab Product Context,Ask the learner to explain the idea before revealing a polished summary.,FR-069,"Given an eligible user and valid starting state, when the ""Teach-back check"" workflow is exercised, ChessLab shall ask the learner to explain the idea before revealing a polished summary; verify that the displayed board, move history, score perspective, evidence version and explanation refer to the same immutable node; an ongoing human game is rejected before engine or coach execution.","SCR-065,SCR-066,SCR-067,SCR-068",P1,Learning,Mapped,"Map public behavior and user outcome; implement original ChessLab information architecture, copy, visual design, assets and code."
MAP-070,Branch-Native Conversational Tutor,Spaced branch retry,S37,ChessLab Product Context,Revisit prior misunderstandings using transformed but related positions.,FR-070,"Given an eligible user and valid starting state, when the ""Spaced branch retry"" workflow is exercised, ChessLab shall revisit prior misunderstandings using transformed but related positions; verify that the displayed board, move history, score perspective, evidence version and explanation refer to the same immutable node; an ongoing human game is rejected before engine or coach execution.","SCR-065,SCR-066,SCR-067,SCR-068",P2,Learning,Mapped,"Map public behavior and user outcome; implement original ChessLab information architecture, copy, visual design, assets and code."
MAP-071,Branch-Native Conversational Tutor,Share and fork study,"S08,S37","How do I use Game Collections?,ChessLab Product Context",Share a view-only or editable branch workspace with provenance and permissions.,FR-071,"Given an eligible user and valid starting state, when the ""Share and fork study"" workflow is exercised, ChessLab shall share a view-only or editable branch workspace with provenance and permissions; verify that the displayed board, move history, score perspective, evidence version and explanation refer to the same immutable node; an ongoing human game is rejected before engine or coach execution; private or revoked content is never exposed and the exported representation round-trips supported data.","SCR-065,SCR-066,SCR-067,SCR-068",P1,Collaboration,Mapped,"Map public behavior and user outcome; implement original ChessLab information architecture, copy, visual design, assets and code."
MAP-072,Branch-Native Conversational Tutor,Creator workspace,S37,ChessLab Product Context,"Let coaches package branches, questions and retries into reusable studies.",FR-072,"Given an eligible user and valid starting state, when the ""Creator workspace"" workflow is exercised, ChessLab shall let coaches package branches, questions and retries into reusable studies; verify that the displayed board, move history, score perspective, evidence version and explanation refer to the same immutable node; an ongoing human game is rejected before engine or coach execution.","SCR-065,SCR-066,SCR-067,SCR-068",P2,Collaboration,Mapped,"Map public behavior and user outcome; implement original ChessLab information architecture, copy, visual design, assets and code."
MAP-073,Opening Explorer & Collections,Master opening database,S09,What is the Game Explorer?,"Show move frequency, outcomes, opening names and notable games by position.",FR-073,"Given an eligible user and valid starting state, when the ""Master opening database"" workflow is exercised, ChessLab shall show move frequency, outcomes, opening names and notable games by position; verify that the displayed board, move history, score perspective, evidence version and explanation refer to the same immutable node; an ongoing human game is rejected before engine or coach execution.","SCR-079,SCR-080,SCR-081,SCR-082",P1,Analysis,Mapped,"Map public behavior and user outcome; implement original ChessLab information architecture, copy, visual design, assets and code."
MAP-074,Opening Explorer & Collections,Personal opening explorer,"S09,S23","What is the Game Explorer?,How can I see my opening stats?","Filter the user game corpus by color, time class, date and continuation.",FR-074,"Given an eligible user and valid starting state, when the ""Personal opening explorer"" workflow is exercised, ChessLab shall filter the user game corpus by color, time class, date and continuation; verify that the displayed board, move history, score perspective, evidence version and explanation refer to the same immutable node; an ongoing human game is rejected before engine or coach execution; empty, loading, no-result, permission-filtered and paginated states are covered.","SCR-079,SCR-080,SCR-081,SCR-082",P1,Insights,Mapped,"Map public behavior and user outcome; implement original ChessLab information architecture, copy, visual design, assets and code."
MAP-075,Opening Explorer & Collections,Opponent research boundary,"S30,S31","What counts as cheating on Chess.com?,What do I need to know about Fair Play?",Allow completed public-game study while preventing live assistance.,FR-075,"Given an eligible user and valid starting state, when the ""Opponent research boundary"" workflow is exercised, ChessLab shall allow completed public-game study while preventing live assistance; verify that the displayed board, move history, score perspective, evidence version and explanation refer to the same immutable node; an ongoing human game is rejected before engine or coach execution; empty, loading, no-result, permission-filtered and paginated states are covered.","SCR-079,SCR-080,SCR-081,SCR-082",P0,Trust,Mapped,"Map public behavior and user outcome; implement original ChessLab information architecture, copy, visual design, assets and code."
MAP-076,Opening Explorer & Collections,Collection library,S08,How do I use Game Collections?,"Organize games and studies into private, public or shared collections.",FR-076,"Given an eligible user and valid starting state, when the ""Collection library"" workflow is exercised, ChessLab shall organize games and studies into private, public or shared collections; verify that the displayed board, move history, score perspective, evidence version and explanation refer to the same immutable node; an ongoing human game is rejected before engine or coach execution; the result survives reload and a stale concurrent write returns an explicit conflict instead of silent loss.","SCR-079,SCR-080,SCR-081,SCR-082",P1,Collaboration,Mapped,"Map public behavior and user outcome; implement original ChessLab information architecture, copy, visual design, assets and code."
MAP-077,Opening Explorer & Collections,Collection roles,S08,How do I use Game Collections?,"Support owner, editor and viewer permissions with audit history.",FR-077,"Given an eligible user and valid starting state, when the ""Collection roles"" workflow is exercised, ChessLab shall support owner, editor and viewer permissions with audit history; verify that the displayed board, move history, score perspective, evidence version and explanation refer to the same immutable node; an ongoing human game is rejected before engine or coach execution; the result survives reload and a stale concurrent write returns an explicit conflict instead of silent loss.","SCR-079,SCR-080,SCR-081,SCR-082",P1,Collaboration,Mapped,"Map public behavior and user outcome; implement original ChessLab information architecture, copy, visual design, assets and code."
MAP-078,Opening Explorer & Collections,Community collections,S08,How do I use Game Collections?,"Discover, preview, bookmark and fork public study collections.",FR-078,"Given an eligible user and valid starting state, when the ""Community collections"" workflow is exercised, ChessLab shall discover, preview, bookmark and fork public study collections; verify that the displayed board, move history, score perspective, evidence version and explanation refer to the same immutable node; an ongoing human game is rejected before engine or coach execution; the result survives reload and a stale concurrent write returns an explicit conflict instead of silent loss.","SCR-079,SCR-080,SCR-081,SCR-082",P2,Community,Mapped,"Map public behavior and user outcome; implement original ChessLab information architecture, copy, visual design, assets and code."
MAP-079,Opening Explorer & Collections,Search and bulk actions,"S08,S20","How do I use Game Collections?,How do I view my own games?","Search games and studies, then move, tag, export or delete selected items.",FR-079,"Given an eligible user and valid starting state, when the ""Search and bulk actions"" workflow is exercised, ChessLab shall search games and studies, then move, tag, export or delete selected items; verify that the displayed board, move history, score perspective, evidence version and explanation refer to the same immutable node; an ongoing human game is rejected before engine or coach execution; empty, loading, no-result, permission-filtered and paginated states are covered.","SCR-079,SCR-080,SCR-081,SCR-082",P1,Platform,Mapped,"Map public behavior and user outcome; implement original ChessLab information architecture, copy, visual design, assets and code."
MAP-080,Puzzles & Tactics,Rated puzzle queue,S10,How do Puzzles work on Chess.com?,Serve rating-appropriate legal puzzles and update puzzle rating after full solution.,FR-080,"Given an eligible user and valid starting state, when the ""Rated puzzle queue"" workflow is exercised, ChessLab shall serve rating-appropriate legal puzzles and update puzzle rating after full solution; verify that wrong, partial, retry and completion paths award progress only under the declared mastery rule.","SCR-089,SCR-090,SCR-091,SCR-092",P0,Learning,Mapped,"Map public behavior and user outcome; implement original ChessLab information architecture, copy, visual design, assets and code."
MAP-081,Puzzles & Tactics,Progressive puzzle feedback,S10,How do Puzzles work on Chess.com?,"Show correctness, opponent replies, explanation and retry without leaking early.",FR-081,"Given an eligible user and valid starting state, when the ""Progressive puzzle feedback"" workflow is exercised, ChessLab shall show correctness, opponent replies, explanation and retry without leaking early; verify that wrong, partial, retry and completion paths award progress only under the declared mastery rule.","SCR-089,SCR-090,SCR-091,SCR-092",P0,Learning,Mapped,"Map public behavior and user outcome; implement original ChessLab information architecture, copy, visual design, assets and code."
MAP-082,Puzzles & Tactics,Puzzle Rush,S10,How do Puzzles work on Chess.com?,Run timed survival and fixed-duration modes with mistake limits and summaries.,FR-082,"Given an eligible user and valid starting state, when the ""Puzzle Rush"" workflow is exercised, ChessLab shall run timed survival and fixed-duration modes with mistake limits and summaries; verify that wrong, partial, retry and completion paths award progress only under the declared mastery rule.","SCR-089,SCR-090,SCR-091,SCR-092",P1,Learning,Mapped,"Map public behavior and user outcome; implement original ChessLab information architecture, copy, visual design, assets and code."
MAP-083,Puzzles & Tactics,Puzzle Battle,S11,What is Puzzle Battle on Chess.com?,"Match similar puzzle-battle ratings and synchronize score, timer and error state.",FR-083,"Given an eligible user and valid starting state, when the ""Puzzle Battle"" workflow is exercised, ChessLab shall match similar puzzle-battle ratings and synchronize score, timer and error state; verify that wrong, partial, retry and completion paths award progress only under the declared mastery rule.","SCR-089,SCR-090,SCR-091,SCR-092",P2,Community,Mapped,"Map public behavior and user outcome; implement original ChessLab information architecture, copy, visual design, assets and code."
MAP-084,Puzzles & Tactics,Daily puzzle,S10,How do Puzzles work on Chess.com?,"Publish one daily puzzle with local-day streak, discussion and share state.",FR-084,"Given an eligible user and valid starting state, when the ""Daily puzzle"" workflow is exercised, ChessLab shall publish one daily puzzle with local-day streak, discussion and share state; verify that wrong, partial, retry and completion paths award progress only under the declared mastery rule.","SCR-089,SCR-090,SCR-091,SCR-092",P1,Growth,Mapped,"Map public behavior and user outcome; implement original ChessLab information architecture, copy, visual design, assets and code."
MAP-085,Puzzles & Tactics,Custom puzzle filters,S10,How do Puzzles work on Chess.com?,"Choose themes, rating band, failed-only and unrated learning mode.",FR-085,"Given an eligible user and valid starting state, when the ""Custom puzzle filters"" workflow is exercised, ChessLab shall choose themes, rating band, failed-only and unrated learning mode; verify that wrong, partial, retry and completion paths award progress only under the declared mastery rule.","SCR-089,SCR-090,SCR-091,SCR-092",P1,Learning,Mapped,"Map public behavior and user outcome; implement original ChessLab information architecture, copy, visual design, assets and code."
MAP-086,Puzzles & Tactics,Puzzle history,S10,How do Puzzles work on Chess.com?,"Review attempts, themes, accuracy, time and failed positions.",FR-086,"Given an eligible user and valid starting state, when the ""Puzzle history"" workflow is exercised, ChessLab shall review attempts, themes, accuracy, time and failed positions; verify that wrong, partial, retry and completion paths award progress only under the declared mastery rule; the result survives reload and a stale concurrent write returns an explicit conflict instead of silent loss.","SCR-089,SCR-090,SCR-091,SCR-092",P1,Insights,Mapped,"Map public behavior and user outcome; implement original ChessLab information architecture, copy, visual design, assets and code."
MAP-087,Puzzles & Tactics,Hearts or recovery model,S10,How do Puzzles work on Chess.com?,Allow limited errors in beginner-friendly modes without corrupting rated results.,FR-087,"Given an eligible user and valid starting state, when the ""Hearts or recovery model"" workflow is exercised, ChessLab shall allow limited errors in beginner-friendly modes without corrupting rated results; verify that wrong, partial, retry and completion paths award progress only under the declared mastery rule.","SCR-089,SCR-090,SCR-091,SCR-092",P2,Learning,Mapped,"Map public behavior and user outcome; implement original ChessLab information architecture, copy, visual design, assets and code."
MAP-088,Puzzles & Tactics,Puzzle taxonomy versioning,S10,How do Puzzles work on Chess.com?,Version themes so classification changes do not rewrite historical analytics silently.,FR-088,"Given an eligible user and valid starting state, when the ""Puzzle taxonomy versioning"" workflow is exercised, ChessLab shall version themes so classification changes do not rewrite historical analytics silently; verify that wrong, partial, retry and completion paths award progress only under the declared mastery rule.","SCR-089,SCR-090,SCR-091,SCR-092",P1,Platform,Mapped,"Map public behavior and user outcome; implement original ChessLab information architecture, copy, visual design, assets and code."
MAP-089,"Lessons, Practice & Curriculum",Structured learning path,S12,How do Lessons work on Chess.com?,"Sequence concepts by prerequisites, skill band and mastery checks.",FR-089,"Given an eligible user and valid starting state, when the ""Structured learning path"" workflow is exercised, ChessLab shall sequence concepts by prerequisites, skill band and mastery checks; verify that wrong, partial, retry and completion paths award progress only under the declared mastery rule.","SCR-100,SCR-101,SCR-102,SCR-103",P1,Learning,Mapped,"Map public behavior and user outcome; implement original ChessLab information architecture, copy, visual design, assets and code."
MAP-090,"Lessons, Practice & Curriculum",Lesson library,S12,How do Lessons work on Chess.com?,"Browse and filter courses by level, topic, format and instructor.",FR-090,"Given an eligible user and valid starting state, when the ""Lesson library"" workflow is exercised, ChessLab shall browse and filter courses by level, topic, format and instructor; verify that wrong, partial, retry and completion paths award progress only under the declared mastery rule.","SCR-100,SCR-101,SCR-102,SCR-103",P1,Learning,Mapped,"Map public behavior and user outcome; implement original ChessLab information architecture, copy, visual design, assets and code."
MAP-091,"Lessons, Practice & Curriculum",Interactive lesson player,S12,How do Lessons work on Chess.com?,"Combine explanation, board challenge, feedback, progress and resume.",FR-091,"Given an eligible user and valid starting state, when the ""Interactive lesson player"" workflow is exercised, ChessLab shall combine explanation, board challenge, feedback, progress and resume; verify that wrong, partial, retry and completion paths award progress only under the declared mastery rule.","SCR-100,SCR-101,SCR-102,SCR-103",P0,Learning,Mapped,"Map public behavior and user outcome; implement original ChessLab information architecture, copy, visual design, assets and code."
MAP-092,"Lessons, Practice & Curriculum",Opening practice,S13,What is Practice on Chess.com?,"Select an opening and color, then practice required lines against a compliant bot.",FR-092,"Given an eligible user and valid starting state, when the ""Opening practice"" workflow is exercised, ChessLab shall select an opening and color, then practice required lines against a compliant bot; verify that wrong, partial, retry and completion paths award progress only under the declared mastery rule.","SCR-100,SCR-101,SCR-102,SCR-103",P1,Learning,Mapped,"Map public behavior and user outcome; implement original ChessLab information architecture, copy, visual design, assets and code."
MAP-093,"Lessons, Practice & Curriculum",Master-game practice,S13,What is Practice on Chess.com?,Enter key historical positions and compare learner choices with source games.,FR-093,"Given an eligible user and valid starting state, when the ""Master-game practice"" workflow is exercised, ChessLab shall enter key historical positions and compare learner choices with source games; verify that wrong, partial, retry and completion paths award progress only under the declared mastery rule.","SCR-100,SCR-101,SCR-102,SCR-103",P2,Learning,Mapped,"Map public behavior and user outcome; implement original ChessLab information architecture, copy, visual design, assets and code."
MAP-094,"Lessons, Practice & Curriculum",Thematic drills,S13,What is Practice on Chess.com?,"Practice pawn structures, tactical motifs and strategic patterns repeatedly.",FR-094,"Given an eligible user and valid starting state, when the ""Thematic drills"" workflow is exercised, ChessLab shall practice pawn structures, tactical motifs and strategic patterns repeatedly; verify that wrong, partial, retry and completion paths award progress only under the declared mastery rule.","SCR-100,SCR-101,SCR-102,SCR-103",P1,Learning,Mapped,"Map public behavior and user outcome; implement original ChessLab information architecture, copy, visual design, assets and code."
MAP-095,"Lessons, Practice & Curriculum",Custom-position training,S13,What is Practice on Chess.com?,Paste FEN or choose a saved node and define the training objective.,FR-095,"Given an eligible user and valid starting state, when the ""Custom-position training"" workflow is exercised, ChessLab shall paste FEN or choose a saved node and define the training objective; verify that wrong, partial, retry and completion paths award progress only under the declared mastery rule.","SCR-100,SCR-101,SCR-102,SCR-103",P1,Learning,Mapped,"Map public behavior and user outcome; implement original ChessLab information architecture, copy, visual design, assets and code."
MAP-096,"Lessons, Practice & Curriculum",Endgame curriculum,S14,How do I practice Endgames?,"Offer category, subtheme, challenge, practice and learn modes.",FR-096,"Given an eligible user and valid starting state, when the ""Endgame curriculum"" workflow is exercised, ChessLab shall offer category, subtheme, challenge, practice and learn modes; verify that wrong, partial, retry and completion paths award progress only under the declared mastery rule.","SCR-100,SCR-101,SCR-102,SCR-103",P1,Learning,Mapped,"Map public behavior and user outcome; implement original ChessLab information architecture, copy, visual design, assets and code."
MAP-097,"Lessons, Practice & Curriculum",Board vision trainer,S14,How do I practice Endgames?,Train coordinates and move visualization with timed scoring and orientation options.,FR-097,"Given an eligible user and valid starting state, when the ""Board vision trainer"" workflow is exercised, ChessLab shall train coordinates and move visualization with timed scoring and orientation options; verify that wrong, partial, retry and completion paths award progress only under the declared mastery rule.","SCR-100,SCR-101,SCR-102,SCR-103",P2,Learning,Mapped,"Map public behavior and user outcome; implement original ChessLab information architecture, copy, visual design, assets and code."
MAP-098,"Lessons, Practice & Curriculum",Recommendation engine,"S05,S24","How does Game Review work?,What is Insights on Chess.com?","Recommend the next lesson or drill from demonstrated mistakes, not generic level alone.",FR-098,"Given an eligible user and valid starting state, when the ""Recommendation engine"" workflow is exercised, ChessLab shall recommend the next lesson or drill from demonstrated mistakes, not generic level alone; verify that wrong, partial, retry and completion paths award progress only under the declared mastery rule.","SCR-100,SCR-101,SCR-102,SCR-103",P1,Insights,Mapped,"Map public behavior and user outcome; implement original ChessLab information architecture, copy, visual design, assets and code."
MAP-099,"Lessons, Practice & Curriculum",Mastery and retry policy,S37,ChessLab Product Context,Require successful transfer or teach-back before marking a concept mastered.,FR-099,"Given an eligible user and valid starting state, when the ""Mastery and retry policy"" workflow is exercised, ChessLab shall require successful transfer or teach-back before marking a concept mastered; verify that wrong, partial, retry and completion paths award progress only under the declared mastery rule.","SCR-100,SCR-101,SCR-102,SCR-103",P1,Learning,Mapped,"Map public behavior and user outcome; implement original ChessLab information architecture, copy, visual design, assets and code."
MAP-100,"Profile, Stats & Progress",Public profile,S29,How do I manage my settings?,"Show identity, optional details, ratings, awards, clubs and recent public activity.",FR-100,"Given an eligible user and valid starting state, when the ""Public profile"" workflow is exercised, ChessLab shall show identity, optional details, ratings, awards, clubs and recent public activity; verify that success, validation failure, denied access, empty/loading state, persistence and analytics are covered on desktop and mobile.","SCR-114,SCR-115,SCR-116,SCR-117",P1,Community,Mapped,"Map public behavior and user outcome; implement original ChessLab information architecture, copy, visual design, assets and code."
MAP-101,"Profile, Stats & Progress",Rating dashboards,S20,How do I view my own games?,Track separate ratings and histories by time control and game type.,FR-101,"Given an eligible user and valid starting state, when the ""Rating dashboards"" workflow is exercised, ChessLab shall track separate ratings and histories by time control and game type; verify that success, validation failure, denied access, empty/loading state, persistence and analytics are covered on desktop and mobile.","SCR-114,SCR-115,SCR-116,SCR-117",P0,Insights,Mapped,"Map public behavior and user outcome; implement original ChessLab information architecture, copy, visual design, assets and code."
MAP-102,"Profile, Stats & Progress",Opening stats,S23,How can I see my opening stats?,"Show frequency, results and continuation trees with filters and mini-board.",FR-102,"Given an eligible user and valid starting state, when the ""Opening stats"" workflow is exercised, ChessLab shall show frequency, results and continuation trees with filters and mini-board; verify that success, validation failure, denied access, empty/loading state, persistence and analytics are covered on desktop and mobile.","SCR-114,SCR-115,SCR-116,SCR-117",P1,Insights,Mapped,"Map public behavior and user outcome; implement original ChessLab information architecture, copy, visual design, assets and code."
MAP-103,"Profile, Stats & Progress",Advanced chess stats,S25,How do I use Advanced Stats?,"Measure opening, tactics, strategy and endgame strengths with explainable methodology.",FR-103,"Given an eligible user and valid starting state, when the ""Advanced chess stats"" workflow is exercised, ChessLab shall measure opening, tactics, strategy and endgame strengths with explainable methodology; verify that success, validation failure, denied access, empty/loading state, persistence and analytics are covered on desktop and mobile.","SCR-114,SCR-115,SCR-116,SCR-117",P2,Insights,Mapped,"Map public behavior and user outcome; implement original ChessLab information architecture, copy, visual design, assets and code."
MAP-104,"Profile, Stats & Progress",Insights workspace,S24,What is Insights on Chess.com?,"Analyze patterns by time class, date range, result, accuracy and activity time.",FR-104,"Given an eligible user and valid starting state, when the ""Insights workspace"" workflow is exercised, ChessLab shall analyze patterns by time class, date range, result, accuracy and activity time; verify that success, validation failure, denied access, empty/loading state, persistence and analytics are covered on desktop and mobile.","SCR-114,SCR-115,SCR-116,SCR-117",P2,Insights,Mapped,"Map public behavior and user outcome; implement original ChessLab information architecture, copy, visual design, assets and code."
MAP-105,"Profile, Stats & Progress",Achievement system,S10,How do Puzzles work on Chess.com?,Award verifiable milestones and show locked criteria without pay-to-win ratings.,FR-105,"Given an eligible user and valid starting state, when the ""Achievement system"" workflow is exercised, ChessLab shall award verifiable milestones and show locked criteria without pay-to-win ratings; verify that success, validation failure, denied access, empty/loading state, persistence and analytics are covered on desktop and mobile.","SCR-114,SCR-115,SCR-116,SCR-117",P2,Growth,Mapped,"Map public behavior and user outcome; implement original ChessLab information architecture, copy, visual design, assets and code."
MAP-106,"Profile, Stats & Progress",Game archive,S20,How do I view my own games?,"Filter by game type, date, opponent, result and opening with stable pagination.",FR-106,"Given an eligible user and valid starting state, when the ""Game archive"" workflow is exercised, ChessLab shall filter by game type, date, opponent, result and opening with stable pagination; verify that the result survives reload and a stale concurrent write returns an explicit conflict instead of silent loss.","SCR-114,SCR-115,SCR-116,SCR-117",P0,Platform,Mapped,"Map public behavior and user outcome; implement original ChessLab information architecture, copy, visual design, assets and code."
MAP-107,"Profile, Stats & Progress",Bot and coach privacy,"S03,S04","How can I play against the Chess.com bots?,How do I play against the Coach?",Keep guided-game history private by default and allow deletion.,FR-107,"Given an eligible user and valid starting state, when the ""Bot and coach privacy"" workflow is exercised, ChessLab shall keep guided-game history private by default and allow deletion; verify that success, validation failure, denied access, empty/loading state, persistence and analytics are covered on desktop and mobile.","SCR-114,SCR-115,SCR-116,SCR-117",P0,Privacy,Mapped,"Map public behavior and user outcome; implement original ChessLab information architecture, copy, visual design, assets and code."
MAP-108,"Watch, Events & Content",Live chess channel,S26,What is ChessTV?,Provide an integrated current broadcast with schedule and chat policy.,FR-108,"Given an eligible user and valid starting state, when the ""Live chess channel"" workflow is exercised, ChessLab shall provide an integrated current broadcast with schedule and chat policy; verify that success, validation failure, denied access, empty/loading state, persistence and analytics are covered on desktop and mobile.","SCR-126,SCR-127,SCR-128,SCR-129",P2,Community,Mapped,"Map public behavior and user outcome; implement original ChessLab information architecture, copy, visual design, assets and code."
MAP-109,"Watch, Events & Content",Event directory,S26,What is ChessTV?,"List ongoing and upcoming tournaments, leagues and broadcasts.",FR-109,"Given an eligible user and valid starting state, when the ""Event directory"" workflow is exercised, ChessLab shall list ongoing and upcoming tournaments, leagues and broadcasts; verify that empty, loading, no-result, permission-filtered and paginated states are covered.","SCR-126,SCR-127,SCR-128,SCR-129",P2,Community,Mapped,"Map public behavior and user outcome; implement original ChessLab information architecture, copy, visual design, assets and code."
MAP-110,"Watch, Events & Content",Event broadcast board,S26,What is ChessTV?,"Synchronize board, clocks, standings, commentary, engine and video.",FR-110,"Given an eligible user and valid starting state, when the ""Event broadcast board"" workflow is exercised, ChessLab shall synchronize board, clocks, standings, commentary, engine and video; verify that success, validation failure, denied access, empty/loading state, persistence and analytics are covered on desktop and mobile.","SCR-126,SCR-127,SCR-128,SCR-129",P2,Community,Mapped,"Map public behavior and user outcome; implement original ChessLab information architecture, copy, visual design, assets and code."
MAP-111,"Watch, Events & Content",Streamer directory,S26,What is ChessTV?,List currently live creators and hand off to approved external platforms.,FR-111,"Given an eligible user and valid starting state, when the ""Streamer directory"" workflow is exercised, ChessLab shall list currently live creators and hand off to approved external platforms; verify that empty, loading, no-result, permission-filtered and paginated states are covered.","SCR-126,SCR-127,SCR-128,SCR-129",P2,Community,Mapped,"Map public behavior and user outcome; implement original ChessLab information architecture, copy, visual design, assets and code."
MAP-112,"Watch, Events & Content",Playing-now spectating,"S26,S31","What is ChessTV?,What do I need to know about Fair Play?",Surface notable live games with delay and fair-play controls.,FR-112,"Given an eligible user and valid starting state, when the ""Playing-now spectating"" workflow is exercised, ChessLab shall surface notable live games with delay and fair-play controls; verify that success, validation failure, denied access, empty/loading state, persistence and analytics are covered on desktop and mobile.","SCR-126,SCR-127,SCR-128,SCR-129",P2,Community,Mapped,"Map public behavior and user outcome; implement original ChessLab information architecture, copy, visual design, assets and code."
MAP-113,"Watch, Events & Content",Editorial hub,S26,What is ChessTV?,"Publish news, recaps, instructional articles and author pages with moderation.",FR-113,"Given an eligible user and valid starting state, when the ""Editorial hub"" workflow is exercised, ChessLab shall publish news, recaps, instructional articles and author pages with moderation; verify that success, validation failure, denied access, empty/loading state, persistence and analytics are covered on desktop and mobile.","SCR-126,SCR-127,SCR-128,SCR-129",P2,Content,Mapped,"Map public behavior and user outcome; implement original ChessLab information architecture, copy, visual design, assets and code."
MAP-114,"Watch, Events & Content",Embeddable public views,"S21,S26","How do I get a PGN of my game?,What is ChessTV?","Generate safe embed codes for games, studies and events.",FR-114,"Given an eligible user and valid starting state, when the ""Embeddable public views"" workflow is exercised, ChessLab shall generate safe embed codes for games, studies and events; verify that private or revoked content is never exposed and the exported representation round-trips supported data.","SCR-126,SCR-127,SCR-128,SCR-129",P2,Platform,Mapped,"Map public behavior and user outcome; implement original ChessLab information architecture, copy, visual design, assets and code."
MAP-115,Community & Social,Friends graph,S28,How do I open a chat window with my friend?,"Send, accept, decline, cancel and limit friend requests.",FR-115,"Given an eligible user and valid starting state, when the ""Friends graph"" workflow is exercised, ChessLab shall send, accept, decline, cancel and limit friend requests; verify that privacy, block, safe-mode, age and moderation rules are enforced before rendering or delivery.","SCR-136,SCR-137,SCR-138,SCR-139",P1,Community,Mapped,"Map public behavior and user outcome; implement original ChessLab information architecture, copy, visual design, assets and code."
MAP-116,Community & Social,Follow graph,S28,How do I open a chat window with my friend?,Follow creators or players independently of mutual friendship.,FR-116,"Given an eligible user and valid starting state, when the ""Follow graph"" workflow is exercised, ChessLab shall follow creators or players independently of mutual friendship; verify that privacy, block, safe-mode, age and moderation rules are enforced before rendering or delivery.","SCR-136,SCR-137,SCR-138,SCR-139",P2,Community,Mapped,"Map public behavior and user outcome; implement original ChessLab information architecture, copy, visual design, assets and code."
MAP-117,Community & Social,Persistent chat,S28,How do I open a chat window with my friend?,Keep one-to-one and group chat available across navigation with unread state.,FR-117,"Given an eligible user and valid starting state, when the ""Persistent chat"" workflow is exercised, ChessLab shall keep one-to-one and group chat available across navigation with unread state; verify that privacy, block, safe-mode, age and moderation rules are enforced before rendering or delivery; delivery respects channel preferences, blocks, abuse controls and unread-state reconciliation.","SCR-136,SCR-137,SCR-138,SCR-139",P1,Community,Mapped,"Map public behavior and user outcome; implement original ChessLab information architecture, copy, visual design, assets and code."
MAP-118,Community & Social,In-game chat controls,S32,What is safe mode on Chess.com?,"Allow everyone, request-only, friends-only or disabled chat policies.",FR-118,"Given an eligible user and valid starting state, when the ""In-game chat controls"" workflow is exercised, ChessLab shall allow everyone, request-only, friends-only or disabled chat policies; verify that privacy, block, safe-mode, age and moderation rules are enforced before rendering or delivery; delivery respects channel preferences, blocks, abuse controls and unread-state reconciliation.","SCR-136,SCR-137,SCR-138,SCR-139",P0,Trust,Mapped,"Map public behavior and user outcome; implement original ChessLab information architecture, copy, visual design, assets and code."
MAP-119,Community & Social,Club discovery,S27,How do Chess.com clubs work?,"Search and browse clubs by interest, location, activity and language.",FR-119,"Given an eligible user and valid starting state, when the ""Club discovery"" workflow is exercised, ChessLab shall search and browse clubs by interest, location, activity and language; verify that privacy, block, safe-mode, age and moderation rules are enforced before rendering or delivery; empty, loading, no-result, permission-filtered and paginated states are covered.","SCR-136,SCR-137,SCR-138,SCR-139",P2,Community,Mapped,"Map public behavior and user outcome; implement original ChessLab information architecture, copy, visual design, assets and code."
MAP-120,Community & Social,Club membership workflow,S27,How do Chess.com clubs work?,"Support open, request-to-join and invitation-only membership.",FR-120,"Given an eligible user and valid starting state, when the ""Club membership workflow"" workflow is exercised, ChessLab shall support open, request-to-join and invitation-only membership; verify that privacy, block, safe-mode, age and moderation rules are enforced before rendering or delivery.","SCR-136,SCR-137,SCR-138,SCR-139",P2,Community,Mapped,"Map public behavior and user outcome; implement original ChessLab information architecture, copy, visual design, assets and code."
MAP-121,Community & Social,Club spaces,S27,How do Chess.com clubs work?,"Provide notes, forums, chat, matches, vote chess and events.",FR-121,"Given an eligible user and valid starting state, when the ""Club spaces"" workflow is exercised, ChessLab shall provide notes, forums, chat, matches, vote chess and events; verify that privacy, block, safe-mode, age and moderation rules are enforced before rendering or delivery.","SCR-136,SCR-137,SCR-138,SCR-139",P2,Community,Mapped,"Map public behavior and user outcome; implement original ChessLab information architecture, copy, visual design, assets and code."
MAP-122,Community & Social,Club roles and audit,S27,How do Chess.com clubs work?,"Model owner, super-admin, admin, coordinator and member permissions.",FR-122,"Given an eligible user and valid starting state, when the ""Club roles and audit"" workflow is exercised, ChessLab shall model owner, super-admin, admin, coordinator and member permissions; verify that privacy, block, safe-mode, age and moderation rules are enforced before rendering or delivery.","SCR-136,SCR-137,SCR-138,SCR-139",P2,Trust,Mapped,"Map public behavior and user outcome; implement original ChessLab information architecture, copy, visual design, assets and code."
MAP-123,Community & Social,Forums and comments,"S27,S31","How do Chess.com clubs work?,What do I need to know about Fair Play?","Thread discussions with edits, reports, moderation and notification controls.",FR-123,"Given an eligible user and valid starting state, when the ""Forums and comments"" workflow is exercised, ChessLab shall thread discussions with edits, reports, moderation and notification controls; verify that privacy, block, safe-mode, age and moderation rules are enforced before rendering or delivery; delivery respects channel preferences, blocks, abuse controls and unread-state reconciliation.","SCR-136,SCR-137,SCR-138,SCR-139",P2,Community,Mapped,"Map public behavior and user outcome; implement original ChessLab information architecture, copy, visual design, assets and code."
MAP-124,Community & Social,User blogs,S28,How do I open a chat window with my friend?,Let members publish moderated long-form posts and follow authors.,FR-124,"Given an eligible user and valid starting state, when the ""User blogs"" workflow is exercised, ChessLab shall let members publish moderated long-form posts and follow authors; verify that privacy, block, safe-mode, age and moderation rules are enforced before rendering or delivery; delivery respects channel preferences, blocks, abuse controls and unread-state reconciliation.","SCR-136,SCR-137,SCR-138,SCR-139",P2,Content,Mapped,"Map public behavior and user outcome; implement original ChessLab information architecture, copy, visual design, assets and code."
MAP-125,Community & Social,Notifications center,S29,How do I manage my settings?,"Aggregate social, game, learning, commerce and system notifications.",FR-125,"Given an eligible user and valid starting state, when the ""Notifications center"" workflow is exercised, ChessLab shall aggregate social, game, learning, commerce and system notifications; verify that privacy, block, safe-mode, age and moderation rules are enforced before rendering or delivery; delivery respects channel preferences, blocks, abuse controls and unread-state reconciliation.","SCR-136,SCR-137,SCR-138,SCR-139",P1,Platform,Mapped,"Map public behavior and user outcome; implement original ChessLab information architecture, copy, visual design, assets and code."
MAP-126,Tournaments & Variants,Arena tournaments,S15,How do live tournaments work?,"Support continuous pairing, streak scoring, countdown and standings.",FR-126,"Given an eligible user and valid starting state, when the ""Arena tournaments"" workflow is exercised, ChessLab shall support continuous pairing, streak scoring, countdown and standings; verify that legal state, turn, clock or deadline, result and rating consequences are server-authoritative and consistent after reconnect.","SCR-150,SCR-151,SCR-152,SCR-153",P2,Community,Mapped,"Map public behavior and user outcome; implement original ChessLab information architecture, copy, visual design, assets and code."
MAP-127,Tournaments & Variants,Swiss tournaments,S15,How do live tournaments work?,"Support scheduled rounds, pairings, tie-breaks and result correction workflow.",FR-127,"Given an eligible user and valid starting state, when the ""Swiss tournaments"" workflow is exercised, ChessLab shall support scheduled rounds, pairings, tie-breaks and result correction workflow; verify that legal state, turn, clock or deadline, result and rating consequences are server-authoritative and consistent after reconnect.","SCR-150,SCR-151,SCR-152,SCR-153",P2,Community,Mapped,"Map public behavior and user outcome; implement original ChessLab information architecture, copy, visual design, assets and code."
MAP-128,Tournaments & Variants,Daily tournaments,S16,How do Daily Tournaments work on Chess.com?,"Support group stages, simultaneous round-robin games and advancement.",FR-128,"Given an eligible user and valid starting state, when the ""Daily tournaments"" workflow is exercised, ChessLab shall support group stages, simultaneous round-robin games and advancement; verify that legal state, turn, clock or deadline, result and rating consequences are server-authoritative and consistent after reconnect.","SCR-150,SCR-151,SCR-152,SCR-153",P2,Community,Mapped,"Map public behavior and user outcome; implement original ChessLab information architecture, copy, visual design, assets and code."
MAP-129,Tournaments & Variants,Tournament creation,"S15,S16","How do live tournaments work?,How do Daily Tournaments work on Chess.com?","Configure format, time control, visibility, eligibility and participant caps.",FR-129,"Given an eligible user and valid starting state, when the ""Tournament creation"" workflow is exercised, ChessLab shall configure format, time control, visibility, eligibility and participant caps; verify that legal state, turn, clock or deadline, result and rating consequences are server-authoritative and consistent after reconnect.","SCR-150,SCR-151,SCR-152,SCR-153",P2,Community,Mapped,"Map public behavior and user outcome; implement original ChessLab information architecture, copy, visual design, assets and code."
MAP-130,Tournaments & Variants,Tournament moderation,"S15,S31","How do live tournaments work?,What do I need to know about Fair Play?","Provide director controls, chat policy, removal, cancellation and audit logs.",FR-130,"Given an eligible user and valid starting state, when the ""Tournament moderation"" workflow is exercised, ChessLab shall provide director controls, chat policy, removal, cancellation and audit logs; verify that legal state, turn, clock or deadline, result and rating consequences are server-authoritative and consistent after reconnect.","SCR-150,SCR-151,SCR-152,SCR-153",P2,Trust,Mapped,"Map public behavior and user outcome; implement original ChessLab information architecture, copy, visual design, assets and code."
MAP-131,Tournaments & Variants,Variant lobby,S18,How do I play chess variants?,"Browse variants with play, lobby, arenas, watch, leaders and archive tabs.",FR-131,"Given an eligible user and valid starting state, when the ""Variant lobby"" workflow is exercised, ChessLab shall browse variants with play, lobby, arenas, watch, leaders and archive tabs; verify that legal state, turn, clock or deadline, result and rating consequences are server-authoritative and consistent after reconnect; the extension remains isolated from core play and is disabled until rights and operational readiness are approved.","SCR-150,SCR-151,SCR-152,SCR-153",P3,Expansion,Mapped,"Map public behavior and user outcome; implement original ChessLab information architecture, copy, visual design, assets and code."
MAP-132,Tournaments & Variants,Custom variant editor,S18,How do I play chess variants?,Compose supported rule modules and validate starting positions.,FR-132,"Given an eligible user and valid starting state, when the ""Custom variant editor"" workflow is exercised, ChessLab shall compose supported rule modules and validate starting positions; verify that legal state, turn, clock or deadline, result and rating consequences are server-authoritative and consistent after reconnect; the extension remains isolated from core play and is disabled until rights and operational readiness are approved.","SCR-150,SCR-151,SCR-152,SCR-153",P3,Expansion,Mapped,"Map public behavior and user outcome; implement original ChessLab information architecture, copy, visual design, assets and code."
MAP-133,Tournaments & Variants,Variant-specific ratings,S18,How do I play chess variants?,Keep ratings and archives separate per variant and time class.,FR-133,"Given an eligible user and valid starting state, when the ""Variant-specific ratings"" workflow is exercised, ChessLab shall keep ratings and archives separate per variant and time class; verify that legal state, turn, clock or deadline, result and rating consequences are server-authoritative and consistent after reconnect; the extension remains isolated from core play and is disabled until rights and operational readiness are approved.","SCR-150,SCR-151,SCR-152,SCR-153",P3,Expansion,Mapped,"Map public behavior and user outcome; implement original ChessLab information architecture, copy, visual design, assets and code."
MAP-134,"Settings, Accessibility & Devices",Board and piece themes,"S29,S02","How do I manage my settings?,What is the PubAPI and how do I use it?","Offer original or licensed themes, backgrounds, coordinates and animation choices.",FR-134,"Given an eligible user and valid starting state, when the ""Board and piece themes"" workflow is exercised, ChessLab shall offer original or licensed themes, backgrounds, coordinates and animation choices; verify that the workflow is operable by keyboard and assistive technology, persists as scoped, and has no horizontal overflow at 320 px.","SCR-163,SCR-164,SCR-165,SCR-166",P1,Polish,Mapped,"Map public behavior and user outcome; implement original ChessLab information architecture, copy, visual design, assets and code."
MAP-135,"Settings, Accessibility & Devices",Move and sound preferences,S29,How do I manage my settings?,"Configure move method, legal markers, premoves, confirmations and sound themes.",FR-135,"Given an eligible user and valid starting state, when the ""Move and sound preferences"" workflow is exercised, ChessLab shall configure move method, legal markers, premoves, confirmations and sound themes; verify that the workflow is operable by keyboard and assistive technology, persists as scoped, and has no horizontal overflow at 320 px.","SCR-163,SCR-164,SCR-165,SCR-166",P1,Polish,Mapped,"Map public behavior and user outcome; implement original ChessLab information architecture, copy, visual design, assets and code."
MAP-136,"Settings, Accessibility & Devices",Gameplay settings,S29,How do I manage my settings?,"Centralize live, daily, bot, coach and puzzle behavior preferences.",FR-136,"Given an eligible user and valid starting state, when the ""Gameplay settings"" workflow is exercised, ChessLab shall centralize live, daily, bot, coach and puzzle behavior preferences; verify that the workflow is operable by keyboard and assistive technology, persists as scoped, and has no horizontal overflow at 320 px.","SCR-163,SCR-164,SCR-165,SCR-166",P1,Platform,Mapped,"Map public behavior and user outcome; implement original ChessLab information architecture, copy, visual design, assets and code."
MAP-137,"Settings, Accessibility & Devices",Coach settings,S04,How do I play against the Coach?,"Choose persona, voice, appearance locations, autosave and feedback intensity.",FR-137,"Given an eligible user and valid starting state, when the ""Coach settings"" workflow is exercised, ChessLab shall choose persona, voice, appearance locations, autosave and feedback intensity; verify that the workflow is operable by keyboard and assistive technology, persists as scoped, and has no horizontal overflow at 320 px.","SCR-163,SCR-164,SCR-165,SCR-166",P1,Coach,Mapped,"Map public behavior and user outcome; implement original ChessLab information architecture, copy, visual design, assets and code."
MAP-138,"Settings, Accessibility & Devices",Notification routing,S29,How do I manage my settings?,"Choose in-app, push and email delivery by notification category.",FR-138,"Given an eligible user and valid starting state, when the ""Notification routing"" workflow is exercised, ChessLab shall choose in-app, push and email delivery by notification category; verify that the workflow is operable by keyboard and assistive technology, persists as scoped, and has no horizontal overflow at 320 px; delivery respects channel preferences, blocks, abuse controls and unread-state reconciliation.","SCR-163,SCR-164,SCR-165,SCR-166",P1,Platform,Mapped,"Map public behavior and user outcome; implement original ChessLab information architecture, copy, visual design, assets and code."
MAP-139,"Settings, Accessibility & Devices",Privacy controls,"S29,S32","How do I manage my settings?,What is safe mode on Chess.com?","Control profile fields, friends visibility, challenges and contact permissions.",FR-139,"Given an eligible user and valid starting state, when the ""Privacy controls"" workflow is exercised, ChessLab shall control profile fields, friends visibility, challenges and contact permissions; verify that the workflow is operable by keyboard and assistive technology, persists as scoped, and has no horizontal overflow at 320 px.","SCR-163,SCR-164,SCR-165,SCR-166",P0,Privacy,Mapped,"Map public behavior and user outcome; implement original ChessLab information architecture, copy, visual design, assets and code."
MAP-140,"Settings, Accessibility & Devices",Localization,S29,How do I manage my settings?,"Support interface language, content language, locale, notation and timezone.",FR-140,"Given an eligible user and valid starting state, when the ""Localization"" workflow is exercised, ChessLab shall support interface language, content language, locale, notation and timezone; verify that the workflow is operable by keyboard and assistive technology, persists as scoped, and has no horizontal overflow at 320 px.","SCR-163,SCR-164,SCR-165,SCR-166",P1,Platform,Mapped,"Map public behavior and user outcome; implement original ChessLab information architecture, copy, visual design, assets and code."
MAP-141,"Settings, Accessibility & Devices",Keyboard operation,S29,How do I manage my settings?,"Make all game, review and learning workflows operable without dragging.",FR-141,"Given an eligible user and valid starting state, when the ""Keyboard operation"" workflow is exercised, ChessLab shall make all game, review and learning workflows operable without dragging; verify that the workflow is operable by keyboard and assistive technology, persists as scoped, and has no horizontal overflow at 320 px.","SCR-163,SCR-164,SCR-165,SCR-166",P0,Accessibility,Mapped,"Map public behavior and user outcome; implement original ChessLab information architecture, copy, visual design, assets and code."
MAP-142,"Settings, Accessibility & Devices",Screen-reader semantics,S29,How do I manage my settings?,"Expose board state, move list, clocks, alerts and annotations semantically.",FR-142,"Given an eligible user and valid starting state, when the ""Screen-reader semantics"" workflow is exercised, ChessLab shall expose board state, move list, clocks, alerts and annotations semantically; verify that the workflow is operable by keyboard and assistive technology, persists as scoped, and has no horizontal overflow at 320 px.","SCR-163,SCR-164,SCR-165,SCR-166",P0,Accessibility,Mapped,"Map public behavior and user outcome; implement original ChessLab information architecture, copy, visual design, assets and code."
MAP-143,"Settings, Accessibility & Devices",Reduced motion and contrast,S29,How do I manage my settings?,Respect OS preferences and provide accessible contrast modes.,FR-143,"Given an eligible user and valid starting state, when the ""Reduced motion and contrast"" workflow is exercised, ChessLab shall respect OS preferences and provide accessible contrast modes; verify that the workflow is operable by keyboard and assistive technology, persists as scoped, and has no horizontal overflow at 320 px.","SCR-163,SCR-164,SCR-165,SCR-166",P0,Accessibility,Mapped,"Map public behavior and user outcome; implement original ChessLab information architecture, copy, visual design, assets and code."
MAP-144,"Settings, Accessibility & Devices",Responsive web,"S35,S36","Does Chess.com have an app?,How do I play variants on the Chess.com app?",Preserve complete core workflows from 320 px mobile to wide desktop.,FR-144,"Given an eligible user and valid starting state, when the ""Responsive web"" workflow is exercised, ChessLab shall preserve complete core workflows from 320 px mobile to wide desktop; verify that the workflow is operable by keyboard and assistive technology, persists as scoped, and has no horizontal overflow at 320 px.","SCR-163,SCR-164,SCR-165,SCR-166",P0,Platform,Mapped,"Map public behavior and user outcome; implement original ChessLab information architecture, copy, visual design, assets and code."
MAP-145,"Settings, Accessibility & Devices",Native-app parity matrix,"S35,S36","Does Chess.com have an app?,How do I play variants on the Chess.com app?",Document every web/mobile parity gap and degrade explicitly.,FR-145,"Given an eligible user and valid starting state, when the ""Native-app parity matrix"" workflow is exercised, ChessLab shall document every web/mobile parity gap and degrade explicitly; verify that the workflow is operable by keyboard and assistive technology, persists as scoped, and has no horizontal overflow at 320 px.","SCR-163,SCR-164,SCR-165,SCR-166",P1,Platform,Mapped,"Map public behavior and user outcome; implement original ChessLab information architecture, copy, visual design, assets and code."
MAP-146,"Settings, Accessibility & Devices",Offline drafts,S35,Does Chess.com have an app?,Allow local study notes and queued uploads without permitting offline competitive moves.,FR-146,"Given an eligible user and valid starting state, when the ""Offline drafts"" workflow is exercised, ChessLab shall allow local study notes and queued uploads without permitting offline competitive moves; verify that the workflow is operable by keyboard and assistive technology, persists as scoped, and has no horizontal overflow at 320 px; the result survives reload and a stale concurrent write returns an explicit conflict instead of silent loss.","SCR-163,SCR-164,SCR-165,SCR-166",P2,Platform,Mapped,"Map public behavior and user outcome; implement original ChessLab information architecture, copy, visual design, assets and code."
MAP-147,"Trust, Safety & Fair Play",Fair Play Lock,"S30,S31,S37","What counts as cheating on Chess.com?,What do I need to know about Fair Play?,ChessLab Product Context","Disable engine, coach, recommendations and branch explanations for ongoing human games.",FR-147,"Given an eligible user and valid starting state, when the ""Fair Play Lock"" workflow is exercised, ChessLab shall disable engine, coach, recommendations and branch explanations for ongoing human games; verify that privacy, block, safe-mode, age and moderation rules are enforced before rendering or delivery.","SCR-176,SCR-177,SCR-178,SCR-179",P0,Trust,Mapped,"Map public behavior and user outcome; implement original ChessLab information architecture, copy, visual design, assets and code."
MAP-148,"Trust, Safety & Fair Play",Game-context policy engine,"S30,S31","What counts as cheating on Chess.com?,What do I need to know about Fair Play?","Determine allowed tools from game type, status, rating and opponent class.",FR-148,"Given an eligible user and valid starting state, when the ""Game-context policy engine"" workflow is exercised, ChessLab shall determine allowed tools from game type, status, rating and opponent class; verify that privacy, block, safe-mode, age and moderation rules are enforced before rendering or delivery.","SCR-176,SCR-177,SCR-178,SCR-179",P0,Trust,Mapped,"Map public behavior and user outcome; implement original ChessLab information architecture, copy, visual design, assets and code."
MAP-149,"Trust, Safety & Fair Play",Report workflow,"S31,S32","What do I need to know about Fair Play?,What is safe mode on Chess.com?","Report cheating, abuse or illegal content with category, evidence and block option.",FR-149,"Given an eligible user and valid starting state, when the ""Report workflow"" workflow is exercised, ChessLab shall report cheating, abuse or illegal content with category, evidence and block option; verify that privacy, block, safe-mode, age and moderation rules are enforced before rendering or delivery.","SCR-176,SCR-177,SCR-178,SCR-179",P0,Trust,Mapped,"Map public behavior and user outcome; implement original ChessLab information architecture, copy, visual design, assets and code."
MAP-150,"Trust, Safety & Fair Play",Block graph enforcement,S32,What is safe mode on Chess.com?,"Apply blocks to messaging, challenges, matchmaking, tournaments and content.",FR-150,"Given an eligible user and valid starting state, when the ""Block graph enforcement"" workflow is exercised, ChessLab shall apply blocks to messaging, challenges, matchmaking, tournaments and content; verify that privacy, block, safe-mode, age and moderation rules are enforced before rendering or delivery.","SCR-176,SCR-177,SCR-178,SCR-179",P0,Trust,Mapped,"Map public behavior and user outcome; implement original ChessLab information architecture, copy, visual design, assets and code."
MAP-151,"Trust, Safety & Fair Play",Safe mode,S32,What is safe mode on Chess.com?,"Disable messages, chats and comments while preserving play and learning.",FR-151,"Given an eligible user and valid starting state, when the ""Safe mode"" workflow is exercised, ChessLab shall disable messages, chats and comments while preserving play and learning; verify that privacy, block, safe-mode, age and moderation rules are enforced before rendering or delivery.","SCR-176,SCR-177,SCR-178,SCR-179",P1,Trust,Mapped,"Map public behavior and user outcome; implement original ChessLab information architecture, copy, visual design, assets and code."
MAP-152,"Trust, Safety & Fair Play",Child safety controls,S32,What is safe mode on Chess.com?,"Gate social access, parental consent and discovery based on age and jurisdiction.",FR-152,"Given an eligible user and valid starting state, when the ""Child safety controls"" workflow is exercised, ChessLab shall gate social access, parental consent and discovery based on age and jurisdiction; verify that privacy, block, safe-mode, age and moderation rules are enforced before rendering or delivery.","SCR-176,SCR-177,SCR-178,SCR-179",P0,Trust,Mapped,"Map public behavior and user outcome; implement original ChessLab information architecture, copy, visual design, assets and code."
MAP-153,"Trust, Safety & Fair Play",Moderation console,S31,What do I need to know about Fair Play?,"Queue reports, preserve evidence, document actions and enforce least privilege.",FR-153,"Given an eligible user and valid starting state, when the ""Moderation console"" workflow is exercised, ChessLab shall queue reports, preserve evidence, document actions and enforce least privilege; verify that privacy, block, safe-mode, age and moderation rules are enforced before rendering or delivery.","SCR-176,SCR-177,SCR-178,SCR-179",P1,Operations,Mapped,"Map public behavior and user outcome; implement original ChessLab information architecture, copy, visual design, assets and code."
MAP-154,"Trust, Safety & Fair Play",Fair-play case handling,S31,What do I need to know about Fair Play?,"Separate automated signals, human review, appeals and rating restoration.",FR-154,"Given an eligible user and valid starting state, when the ""Fair-play case handling"" workflow is exercised, ChessLab shall separate automated signals, human review, appeals and rating restoration; verify that privacy, block, safe-mode, age and moderation rules are enforced before rendering or delivery.","SCR-176,SCR-177,SCR-178,SCR-179",P1,Operations,Mapped,"Map public behavior and user outcome; implement original ChessLab information architecture, copy, visual design, assets and code."
MAP-155,"Trust, Safety & Fair Play",Prompt-injection boundary,S37,ChessLab Product Context,"Treat imported PGN, comments, chat and community content as untrusted data.",FR-155,"Given an eligible user and valid starting state, when the ""Prompt-injection boundary"" workflow is exercised, ChessLab shall treat imported PGN, comments, chat and community content as untrusted data; verify that privacy, block, safe-mode, age and moderation rules are enforced before rendering or delivery.","SCR-176,SCR-177,SCR-178,SCR-179",P0,Security,Mapped,"Map public behavior and user outcome; implement original ChessLab information architecture, copy, visual design, assets and code."
MAP-156,"Trust, Safety & Fair Play",Anti-harassment controls,S32,What is safe mode on Chess.com?,"Rate-limit invitations and messages, detect spam patterns and allow quiet defaults.",FR-156,"Given an eligible user and valid starting state, when the ""Anti-harassment controls"" workflow is exercised, ChessLab shall rate-limit invitations and messages, detect spam patterns and allow quiet defaults; verify that privacy, block, safe-mode, age and moderation rules are enforced before rendering or delivery.","SCR-176,SCR-177,SCR-178,SCR-179",P1,Trust,Mapped,"Map public behavior and user outcome; implement original ChessLab information architecture, copy, visual design, assets and code."
MAP-157,"Trust, Safety & Fair Play",Audit trail,S31,What do I need to know about Fair Play?,"Record sensitive admin, entitlement, moderation and analysis-policy decisions.",FR-157,"Given an eligible user and valid starting state, when the ""Audit trail"" workflow is exercised, ChessLab shall record sensitive admin, entitlement, moderation and analysis-policy decisions; verify that privacy, block, safe-mode, age and moderation rules are enforced before rendering or delivery.","SCR-176,SCR-177,SCR-178,SCR-179",P0,Security,Mapped,"Map public behavior and user outcome; implement original ChessLab information architecture, copy, visual design, assets and code."
MAP-158,"Membership, Commerce & Entitlements",Free core access,S33,Improve Your Chess with a Premium Membership,Keep unlimited basic human chess while limiting selected analysis and learning extras.,FR-158,"Given an eligible user and valid starting state, when the ""Free core access"" workflow is exercised, ChessLab shall keep unlimited basic human chess while limiting selected analysis and learning extras; verify that payment and entitlement transitions are idempotent, ledgered and recoverable after duplicate or delayed provider events.","SCR-187,SCR-188,SCR-189,SCR-190",P0,Commerce,Mapped,"Map public behavior and user outcome; implement original ChessLab information architecture, copy, visual design, assets and code."
MAP-159,"Membership, Commerce & Entitlements",Tiered entitlement service,S33,Improve Your Chess with a Premium Membership,"Resolve Gold, Platinum, Diamond and promotional entitlements server-side.",FR-159,"Given an eligible user and valid starting state, when the ""Tiered entitlement service"" workflow is exercised, ChessLab shall resolve Gold, Platinum, Diamond and promotional entitlements server-side; verify that payment and entitlement transitions are idempotent, ledgered and recoverable after duplicate or delayed provider events.","SCR-187,SCR-188,SCR-189,SCR-190",P1,Commerce,Mapped,"Map public behavior and user outcome; implement original ChessLab information architecture, copy, visual design, assets and code."
MAP-160,"Membership, Commerce & Entitlements",Usage meters,"S33,S07,S10","Improve Your Chess with a Premium Membership,What is Cloud Analysis and how do I use it?,How do Puzzles work on Chess.com?","Track review, coach, puzzle and cloud-analysis limits with reset and grace rules.",FR-160,"Given an eligible user and valid starting state, when the ""Usage meters"" workflow is exercised, ChessLab shall track review, coach, puzzle and cloud-analysis limits with reset and grace rules; verify that payment and entitlement transitions are idempotent, ledgered and recoverable after duplicate or delayed provider events.","SCR-187,SCR-188,SCR-189,SCR-190",P1,Commerce,Mapped,"Map public behavior and user outcome; implement original ChessLab information architecture, copy, visual design, assets and code."
MAP-161,"Membership, Commerce & Entitlements",Plan comparison,S33,Improve Your Chess with a Premium Membership,"Compare tiers by benefit, limit, renewal period and platform-specific billing.",FR-161,"Given an eligible user and valid starting state, when the ""Plan comparison"" workflow is exercised, ChessLab shall compare tiers by benefit, limit, renewal period and platform-specific billing; verify that payment and entitlement transitions are idempotent, ledgered and recoverable after duplicate or delayed provider events.","SCR-187,SCR-188,SCR-189,SCR-190",P1,Commerce,Mapped,"Map public behavior and user outcome; implement original ChessLab information architecture, copy, visual design, assets and code."
MAP-162,"Membership, Commerce & Entitlements",Trial lifecycle,S33,Improve Your Chess with a Premium Membership,"Support eligibility, reminders, conversion, cancellation and rollback.",FR-162,"Given an eligible user and valid starting state, when the ""Trial lifecycle"" workflow is exercised, ChessLab shall support eligibility, reminders, conversion, cancellation and rollback; verify that payment and entitlement transitions are idempotent, ledgered and recoverable after duplicate or delayed provider events.","SCR-187,SCR-188,SCR-189,SCR-190",P2,Commerce,Mapped,"Map public behavior and user outcome; implement original ChessLab information architecture, copy, visual design, assets and code."
MAP-163,"Membership, Commerce & Entitlements",Upgrade proration,S33,Improve Your Chess with a Premium Membership,Calculate unused value or extended time according to payment channel.,FR-163,"Given an eligible user and valid starting state, when the ""Upgrade proration"" workflow is exercised, ChessLab shall calculate unused value or extended time according to payment channel; verify that payment and entitlement transitions are idempotent, ledgered and recoverable after duplicate or delayed provider events.","SCR-187,SCR-188,SCR-189,SCR-190",P2,Commerce,Mapped,"Map public behavior and user outcome; implement original ChessLab information architecture, copy, visual design, assets and code."
MAP-164,"Membership, Commerce & Entitlements",Family plan,S34,Friends and Family Plan FAQ,"Support one payer, up to five invited members and independent accounts.",FR-164,"Given an eligible user and valid starting state, when the ""Family plan"" workflow is exercised, ChessLab shall support one payer, up to five invited members and independent accounts; verify that payment and entitlement transitions are idempotent, ledgered and recoverable after duplicate or delayed provider events.","SCR-187,SCR-188,SCR-189,SCR-190",P2,Commerce,Mapped,"Map public behavior and user outcome; implement original ChessLab information architecture, copy, visual design, assets and code."
MAP-165,"Membership, Commerce & Entitlements",Student verification,S33,Improve Your Chess with a Premium Membership,Apply country-specific discounts with eligibility and renewal checks.,FR-165,"Given an eligible user and valid starting state, when the ""Student verification"" workflow is exercised, ChessLab shall apply country-specific discounts with eligibility and renewal checks; verify that payment and entitlement transitions are idempotent, ledgered and recoverable after duplicate or delayed provider events; the extension remains isolated from core play and is disabled until rights and operational readiness are approved.","SCR-187,SCR-188,SCR-189,SCR-190",P3,Commerce,Mapped,"Map public behavior and user outcome; implement original ChessLab information architecture, copy, visual design, assets and code."
MAP-166,"Membership, Commerce & Entitlements",Gift membership,S33,Improve Your Chess with a Premium Membership,"Schedule delivery, recipient resolution and redemption with fraud controls.",FR-166,"Given an eligible user and valid starting state, when the ""Gift membership"" workflow is exercised, ChessLab shall schedule delivery, recipient resolution and redemption with fraud controls; verify that payment and entitlement transitions are idempotent, ledgered and recoverable after duplicate or delayed provider events; the extension remains isolated from core play and is disabled until rights and operational readiness are approved.","SCR-187,SCR-188,SCR-189,SCR-190",P3,Commerce,Mapped,"Map public behavior and user outcome; implement original ChessLab information architecture, copy, visual design, assets and code."
MAP-167,"Membership, Commerce & Entitlements",Billing and receipts,S33,Improve Your Chess with a Premium Membership,"Expose invoices, payment status, renewal date and support-safe identifiers.",FR-167,"Given an eligible user and valid starting state, when the ""Billing and receipts"" workflow is exercised, ChessLab shall expose invoices, payment status, renewal date and support-safe identifiers; verify that payment and entitlement transitions are idempotent, ledgered and recoverable after duplicate or delayed provider events.","SCR-187,SCR-188,SCR-189,SCR-190",P1,Commerce,Mapped,"Map public behavior and user outcome; implement original ChessLab information architecture, copy, visual design, assets and code."
MAP-168,"Platform, Data & Operations",Authoritative chess rules service,S37,ChessLab Product Context,"Validate legal moves, draw state, repetition and game termination server-side.",FR-168,"Given an eligible user and valid starting state, when the ""Authoritative chess rules service"" workflow is exercised, ChessLab shall validate legal moves, draw state, repetition and game termination server-side; verify that authorization, rate limits, audit records, observability and graceful failure are verified without degrading an active game.","SCR-199,SCR-200,SCR-201,SCR-202",P0,Foundation,Prototype,"Map public behavior and user outcome; implement original ChessLab information architecture, copy, visual design, assets and code."
MAP-169,"Platform, Data & Operations",Real-time game service,S19,How does matchmaking work in Live Chess?,"Maintain rooms, clocks, move ordering, reconnection and event fan-out.",FR-169,"Given an eligible user and valid starting state, when the ""Real-time game service"" workflow is exercised, ChessLab shall maintain rooms, clocks, move ordering, reconnection and event fan-out; verify that authorization, rate limits, audit records, observability and graceful failure are verified without degrading an active game.","SCR-199,SCR-200,SCR-201,SCR-202",P0,Scale,Mapped,"Map public behavior and user outcome; implement original ChessLab information architecture, copy, visual design, assets and code."
MAP-170,"Platform, Data & Operations",Analysis job service,"S07,S37","What is Cloud Analysis and how do I use it?,ChessLab Product Context","Run bounded engine work asynchronously with cancellation, deduplication and versioning.",FR-170,"Given an eligible user and valid starting state, when the ""Analysis job service"" workflow is exercised, ChessLab shall run bounded engine work asynchronously with cancellation, deduplication and versioning; verify that authorization, rate limits, audit records, observability and graceful failure are verified without degrading an active game.","SCR-199,SCR-200,SCR-201,SCR-202",P0,Analysis,Prototype,"Map public behavior and user outcome; implement original ChessLab information architecture, copy, visual design, assets and code."
MAP-171,"Platform, Data & Operations",Coach evidence pipeline,S37,ChessLab Product Context,"Generate explanations only from legal state, engine output and deterministic facts.",FR-171,"Given an eligible user and valid starting state, when the ""Coach evidence pipeline"" workflow is exercised, ChessLab shall generate explanations only from legal state, engine output and deterministic facts; verify that authorization, rate limits, audit records, observability and graceful failure are verified without degrading an active game.","SCR-199,SCR-200,SCR-201,SCR-202",P0,Coach,Prototype,"Map public behavior and user outcome; implement original ChessLab information architecture, copy, visual design, assets and code."
MAP-172,"Platform, Data & Operations",Content management,"S10,S12","How do Puzzles work on Chess.com?,How do Lessons work on Chess.com?","Version lessons, puzzles, articles, translations, prerequisites and publication state.",FR-172,"Given an eligible user and valid starting state, when the ""Content management"" workflow is exercised, ChessLab shall version lessons, puzzles, articles, translations, prerequisites and publication state; verify that authorization, rate limits, audit records, observability and graceful failure are verified without degrading an active game.","SCR-199,SCR-200,SCR-201,SCR-202",P1,Operations,Mapped,"Map public behavior and user outcome; implement original ChessLab information architecture, copy, visual design, assets and code."
MAP-173,"Platform, Data & Operations",Search platform,"S08,S20,S27","How do I use Game Collections?,How do I view my own games?,How do Chess.com clubs work?","Index players, games, studies, clubs, events and content with permission filters.",FR-173,"Given an eligible user and valid starting state, when the ""Search platform"" workflow is exercised, ChessLab shall index players, games, studies, clubs, events and content with permission filters; verify that authorization, rate limits, audit records, observability and graceful failure are verified without degrading an active game; empty, loading, no-result, permission-filtered and paginated states are covered.","SCR-199,SCR-200,SCR-201,SCR-202",P1,Scale,Mapped,"Map public behavior and user outcome; implement original ChessLab information architecture, copy, visual design, assets and code."
MAP-174,"Platform, Data & Operations",Object and media storage,S29,How do I manage my settings?,"Store avatars, diagrams, exports and audio with scanning and lifecycle rules.",FR-174,"Given an eligible user and valid starting state, when the ""Object and media storage"" workflow is exercised, ChessLab shall store avatars, diagrams, exports and audio with scanning and lifecycle rules; verify that authorization, rate limits, audit records, observability and graceful failure are verified without degrading an active game.","SCR-199,SCR-200,SCR-201,SCR-202",P1,Platform,Mapped,"Map public behavior and user outcome; implement original ChessLab information architecture, copy, visual design, assets and code."
MAP-175,"Platform, Data & Operations",Public API,S02,What is the PubAPI and how do I use it?,Expose documented read-only public data with rate limits and privacy exclusions.,FR-175,"Given an eligible user and valid starting state, when the ""Public API"" workflow is exercised, ChessLab shall expose documented read-only public data with rate limits and privacy exclusions; verify that authorization, rate limits, audit records, observability and graceful failure are verified without degrading an active game.","SCR-199,SCR-200,SCR-201,SCR-202",P2,Platform,Mapped,"Map public behavior and user outcome; implement original ChessLab information architecture, copy, visual design, assets and code."
MAP-176,"Platform, Data & Operations",Webhooks and integrations,S02,What is the PubAPI and how do I use it?,"Publish approved game, study and event updates with signed delivery.",FR-176,"Given an eligible user and valid starting state, when the ""Webhooks and integrations"" workflow is exercised, ChessLab shall publish approved game, study and event updates with signed delivery; verify that authorization, rate limits, audit records, observability and graceful failure are verified without degrading an active game; the extension remains isolated from core play and is disabled until rights and operational readiness are approved.","SCR-199,SCR-200,SCR-201,SCR-202",P3,Expansion,Mapped,"Map public behavior and user outcome; implement original ChessLab information architecture, copy, visual design, assets and code."
MAP-177,"Platform, Data & Operations",Experimentation system,S24,What is Insights on Chess.com?,Assign controlled UX and learning experiments with consent and guardrails.,FR-177,"Given an eligible user and valid starting state, when the ""Experimentation system"" workflow is exercised, ChessLab shall assign controlled UX and learning experiments with consent and guardrails; verify that authorization, rate limits, audit records, observability and graceful failure are verified without degrading an active game.","SCR-199,SCR-200,SCR-201,SCR-202",P2,Growth,Mapped,"Map public behavior and user outcome; implement original ChessLab information architecture, copy, visual design, assets and code."
MAP-178,"Platform, Data & Operations",Observability,S38,ChessLab Application Verification,"Trace game moves, websocket health, engine jobs, coach errors and entitlement checks.",FR-178,"Given an eligible user and valid starting state, when the ""Observability"" workflow is exercised, ChessLab shall trace game moves, websocket health, engine jobs, coach errors and entitlement checks; verify that authorization, rate limits, audit records, observability and graceful failure are verified without degrading an active game.","SCR-199,SCR-200,SCR-201,SCR-202",P0,Operations,Mapped,"Map public behavior and user outcome; implement original ChessLab information architecture, copy, visual design, assets and code."
MAP-179,"Platform, Data & Operations",Backup and recovery,S38,ChessLab Application Verification,"Back up accounts, games, studies and content with tested restoration targets.",FR-179,"Given an eligible user and valid starting state, when the ""Backup and recovery"" workflow is exercised, ChessLab shall back up accounts, games, studies and content with tested restoration targets; verify that authorization, rate limits, audit records, observability and graceful failure are verified without degrading an active game.","SCR-199,SCR-200,SCR-201,SCR-202",P0,Operations,Mapped,"Map public behavior and user outcome; implement original ChessLab information architecture, copy, visual design, assets and code."
MAP-180,"Platform, Data & Operations",Data export and deletion,S29,How do I manage my settings?,"Support privacy access, portability, retention and deletion workflows.",FR-180,"Given an eligible user and valid starting state, when the ""Data export and deletion"" workflow is exercised, ChessLab shall support privacy access, portability, retention and deletion workflows; verify that authorization, rate limits, audit records, observability and graceful failure are verified without degrading an active game; private or revoked content is never exposed and the exported representation round-trips supported data.","SCR-199,SCR-200,SCR-201,SCR-202",P0,Privacy,Mapped,"Map public behavior and user outcome; implement original ChessLab information architecture, copy, visual design, assets and code."
