id,type,domain,title,statement,priority,phase,acceptance,sources
FR-001,Functional,Acquisition & Onboarding,Landing proposition,"Explain play, learn, review and community value without requiring authentication.",P0,Foundation,"Given an eligible user and valid starting state, when the ""Landing proposition"" workflow is exercised, ChessLab shall explain play, learn, review and community value without requiring authentication; verify that success, validation failure, denied access, empty/loading state, persistence and analytics are covered on desktop and mobile.",S33
FR-002,Functional,Acquisition & Onboarding,Multi-method registration,"Support email, phone and federated sign-in choices with duplicate-account protection.",P0,Foundation,"Given an eligible user and valid starting state, when the ""Multi-method registration"" workflow is exercised, ChessLab shall support email, phone and federated sign-in choices with duplicate-account protection; verify that success, validation failure, denied access, empty/loading state, persistence and analytics are covered on desktop and mobile.",S29
FR-003,Functional,Acquisition & Onboarding,Age and consent gate,Collect age band and parental consent where required before social features unlock.,P0,Foundation,"Given an eligible user and valid starting state, when the ""Age and consent gate"" workflow is exercised, ChessLab shall collect age band and parental consent where required before social features unlock; verify that success, validation failure, denied access, empty/loading state, persistence and analytics are covered on desktop and mobile.",S32
FR-004,Functional,Acquisition & Onboarding,Skill calibration,"Ask for experience or infer a starting band, then tune onboarding content and bot strength.",P1,Growth,"Given an eligible user and valid starting state, when the ""Skill calibration"" workflow is exercised, ChessLab shall ask for experience or infer a starting band, then tune onboarding content and bot strength; verify that success, validation failure, denied access, empty/loading state, persistence and analytics are covered on desktop and mobile.","S12,S03"
FR-005,Functional,Acquisition & Onboarding,Goal selection,"Let users choose play, rating improvement, tactics, openings or casual learning goals.",P1,Growth,"Given an eligible user and valid starting state, when the ""Goal selection"" workflow is exercised, ChessLab shall let users choose play, rating improvement, tactics, openings or casual learning goals; verify that success, validation failure, denied access, empty/loading state, persistence and analytics are covered on desktop and mobile.","S12,S13"
FR-006,Functional,Acquisition & Onboarding,Coach preference,"Choose a coaching personality, voice and feedback intensity with neutral default.",P1,Coach,"Given an eligible user and valid starting state, when the ""Coach preference"" workflow is exercised, ChessLab shall choose a coaching personality, voice and feedback intensity with neutral default; verify that success, validation failure, denied access, empty/loading state, persistence and analytics are covered on desktop and mobile.",S04
FR-007,Functional,Acquisition & Onboarding,First success path,"Guide a new learner through one legal move, one explanation and one saved progress event.",P0,Foundation,"Given an eligible user and valid starting state, when the ""First success path"" workflow is exercised, ChessLab shall guide a new learner through one legal move, one explanation and one saved progress event; verify that success, validation failure, denied access, empty/loading state, persistence and analytics are covered on desktop and mobile.","S04,S12"
FR-008,Functional,Acquisition & Onboarding,Trial and plan education,Explain free limits and premium value before checkout without hiding core play.,P1,Commerce,"Given an eligible user and valid starting state, when the ""Trial and plan education"" workflow is exercised, ChessLab shall explain free limits and premium value before checkout without hiding core play; verify that success, validation failure, denied access, empty/loading state, persistence and analytics are covered on desktop and mobile.",S33
FR-009,Functional,Home & Personalization,Modular home dashboard,"Allow home modules to be reordered, shown or hidden per user.",P1,Growth,"Given an eligible user and valid starting state, when the ""Modular home dashboard"" workflow is exercised, ChessLab shall allow home modules to be reordered, shown or hidden per user; verify that success, validation failure, denied access, empty/loading state, persistence and analytics are covered on desktop and mobile.",S22
FR-010,Functional,Home & Personalization,Continue activity,"Surface active games, unfinished lessons, analysis drafts and branch conversations.",P0,Foundation,"Given an eligible user and valid starting state, when the ""Continue activity"" workflow is exercised, ChessLab shall surface active games, unfinished lessons, analysis drafts and branch conversations; verify that the result survives reload and a stale concurrent write returns an explicit conflict instead of silent loss.","S20,S08"
FR-011,Functional,Home & Personalization,Quick play launcher,Start a default game from the home surface in one action.,P0,Foundation,"Given an eligible user and valid starting state, when the ""Quick play launcher"" workflow is exercised, ChessLab shall start a default game from the home surface in one action; verify that success, validation failure, denied access, empty/loading state, persistence and analytics are covered on desktop and mobile.",S19
FR-012,Functional,Home & Personalization,Daily learning card,Offer a daily puzzle or lesson with streak credit and recovery state.,P1,Learning,"Given an eligible user and valid starting state, when the ""Daily learning card"" workflow is exercised, ChessLab shall offer a daily puzzle or lesson with streak credit and recovery state; verify that success, validation failure, denied access, empty/loading state, persistence and analytics are covered on desktop and mobile.",S10
FR-013,Functional,Home & Personalization,Progress pulse,"Summarize rating trends, accuracy, recent mistakes and recommended next action.",P1,Insights,"Given an eligible user and valid starting state, when the ""Progress pulse"" workflow is exercised, ChessLab shall summarize rating trends, accuracy, recent mistakes and recommended next action; verify that success, validation failure, denied access, empty/loading state, persistence and analytics are covered on desktop and mobile.","S23,S24,S25"
FR-014,Functional,Home & Personalization,Event discovery,Show current and upcoming broadcasts or tournaments relevant to the user.,P2,Community,"Given an eligible user and valid starting state, when the ""Event discovery"" workflow is exercised, ChessLab shall show current and upcoming broadcasts or tournaments relevant to the user; verify that empty, loading, no-result, permission-filtered and paginated states are covered.","S26,S15"
FR-015,Functional,Home & Personalization,Social inbox summary,"Aggregate friend requests, messages, club activity and notifications.",P2,Community,"Given an eligible user and valid starting state, when the ""Social inbox summary"" workflow is exercised, ChessLab shall aggregate friend requests, messages, club activity and notifications; verify that success, validation failure, denied access, empty/loading state, persistence and analytics are covered on desktop and mobile.","S28,S27"
FR-016,Functional,Home & Personalization,Streaks and habits,"Track consecutive active days across play, puzzles, lessons and review.",P2,Growth,"Given an eligible user and valid starting state, when the ""Streaks and habits"" workflow is exercised, ChessLab shall track consecutive active days across play, puzzles, lessons and review; verify that success, validation failure, denied access, empty/loading state, persistence and analytics are covered on desktop and mobile.",S10
FR-017,Functional,Live Play,Time control presets,"Support standard Bullet, Blitz, Rapid and custom initial-plus-increment clocks.",P0,Play,"Given an eligible user and valid starting state, when the ""Time control presets"" workflow is exercised, ChessLab shall support standard Bullet, Blitz, Rapid and custom initial-plus-increment clocks; verify that legal state, turn, clock or deadline, result and rating consequences are server-authoritative and consistent after reconnect.",S19
FR-018,Functional,Live Play,Rated or casual toggle,Allow rated and unrated challenges with clear consequences.,P0,Play,"Given an eligible user and valid starting state, when the ""Rated or casual toggle"" workflow is exercised, ChessLab shall allow rated and unrated challenges with clear consequences; verify that legal state, turn, clock or deadline, result and rating consequences are server-authoritative and consistent after reconnect.",S19
FR-019,Functional,Live Play,Rating range controls,Set relative opponent rating bounds and warn about queue impact.,P1,Play,"Given an eligible user and valid starting state, when the ""Rating range controls"" workflow is exercised, ChessLab shall set relative opponent rating bounds and warn about queue impact; verify that legal state, turn, clock or deadline, result and rating consequences are server-authoritative and consistent after reconnect.",S19
FR-020,Functional,Live Play,Fast matchmaking,"Search narrow first, expand safely, and respect blocks and abuse controls.",P0,Play,"Given an eligible user and valid starting state, when the ""Fast matchmaking"" workflow is exercised, ChessLab shall search narrow first, expand safely, and respect blocks and abuse controls; verify that legal state, turn, clock or deadline, result and rating consequences are server-authoritative and consistent after reconnect.","S19,S32"
FR-021,Functional,Live Play,Direct challenge,Challenge a friend or named user with shareable acceptance state.,P1,Play,"Given an eligible user and valid starting state, when the ""Direct challenge"" workflow is exercised, ChessLab shall challenge a friend or named user with shareable acceptance state; verify that legal state, turn, clock or deadline, result and rating consequences are server-authoritative and consistent after reconnect.",S28
FR-022,Functional,Live Play,Open challenge browser,List and chart public seeks with filters and instant acceptance.,P2,Play,"Given an eligible user and valid starting state, when the ""Open challenge browser"" workflow is exercised, ChessLab shall list and chart public seeks with filters and instant acceptance; verify that legal state, turn, clock or deadline, result and rating consequences are server-authoritative and consistent after reconnect.",S19
FR-023,Functional,Live Play,Real-time game workspace,"Render board, clocks, move list, player cards, status and game actions in sync.",P0,Play,"Given an eligible user and valid starting state, when the ""Real-time game workspace"" workflow is exercised, ChessLab shall render board, clocks, move list, player cards, status and game actions in sync; verify that legal state, turn, clock or deadline, result and rating consequences are server-authoritative and consistent after reconnect.",S19
FR-024,Functional,Live Play,Move entry methods,"Support click-click, drag, keyboard notation where accessible, and promotion choice.",P0,Play,"Given an eligible user and valid starting state, when the ""Move entry methods"" workflow is exercised, ChessLab shall support click-click, drag, keyboard notation where accessible, and promotion choice; verify that legal state, turn, clock or deadline, result and rating consequences are server-authoritative and consistent after reconnect.",S29
FR-025,Functional,Live Play,Premoves and confirmations,Offer premoves and optional move confirmation by game type and device.,P1,Play,"Given an eligible user and valid starting state, when the ""Premoves and confirmations"" workflow is exercised, ChessLab shall offer premoves and optional move confirmation by game type and device; verify that legal state, turn, clock or deadline, result and rating consequences are server-authoritative and consistent after reconnect.",S29
FR-026,Functional,Live Play,"Draw, resign, abort and timeout","Model all terminal states, permissions and rating consequences.",P0,Play,"Given an eligible user and valid starting state, when the ""Draw, resign, abort and timeout"" workflow is exercised, ChessLab shall model all terminal states, permissions and rating consequences; verify that legal state, turn, clock or deadline, result and rating consequences are server-authoritative and consistent after reconnect.",S31
FR-027,Functional,Live Play,Reconnect and clock authority,Resume transient disconnects while preserving server-authoritative clocks.,P0,Scale,"Given an eligible user and valid starting state, when the ""Reconnect and clock authority"" workflow is exercised, ChessLab shall resume transient disconnects while preserving server-authoritative clocks; verify that legal state, turn, clock or deadline, result and rating consequences are server-authoritative and consistent after reconnect.",S19
FR-028,Functional,Live Play,Focus mode,"Collapse distractions to board, clocks and essential actions.",P1,Play,"Given an eligible user and valid starting state, when the ""Focus mode"" workflow is exercised, ChessLab shall collapse distractions to board, clocks and essential actions; verify that legal state, turn, clock or deadline, result and rating consequences are server-authoritative and consistent after reconnect.",S29
FR-029,Functional,Live Play,Post-game hub,"Offer rematch, review, analysis, share, report and next-game actions.",P0,Play,"Given an eligible user and valid starting state, when the ""Post-game hub"" workflow is exercised, ChessLab shall offer rematch, review, analysis, share, report and next-game actions; verify that legal state, turn, clock or deadline, result and rating consequences are server-authoritative and consistent after reconnect.","S05,S21,S31"
FR-030,Functional,Daily & Correspondence,Days-per-move games,Support long-running games with per-move deadlines and multiple concurrent boards.,P1,Play,"Given an eligible user and valid starting state, when the ""Days-per-move games"" workflow is exercised, ChessLab shall support long-running games with per-move deadlines and multiple concurrent boards; verify that legal state, turn, clock or deadline, result and rating consequences are server-authoritative and consistent after reconnect.",S17
FR-031,Functional,Daily & Correspondence,Daily challenge filters,"Filter by move speed, minimum games, timeout history and membership.",P2,Play,"Given an eligible user and valid starting state, when the ""Daily challenge filters"" workflow is exercised, ChessLab shall filter by move speed, minimum games, timeout history and membership; verify that legal state, turn, clock or deadline, result and rating consequences are server-authoritative and consistent after reconnect.",S17
FR-032,Functional,Daily & Correspondence,Vacation state,Pause eligible clocks according to policy and expose remaining allowance.,P2,Play,"Given an eligible user and valid starting state, when the ""Vacation state"" workflow is exercised, ChessLab shall pause eligible clocks according to policy and expose remaining allowance; verify that legal state, turn, clock or deadline, result and rating consequences are server-authoritative and consistent after reconnect.",S17
FR-033,Functional,Daily & Correspondence,Conditional move trees,Let players pre-author multiple response lines while it is the opponent turn.,P2,Play,"Given an eligible user and valid starting state, when the ""Conditional move trees"" workflow is exercised, ChessLab shall let players pre-author multiple response lines while it is the opponent turn; verify that legal state, turn, clock or deadline, result and rating consequences are server-authoritative and consistent after reconnect.",S17
FR-034,Functional,Daily & Correspondence,Allowed study workspace,Permit non-engine self-analysis and opening reference only where policy allows.,P0,Trust,"Given an eligible user and valid starting state, when the ""Allowed study workspace"" workflow is exercised, ChessLab shall permit non-engine self-analysis and opening reference only where policy allows; verify that legal state, turn, clock or deadline, result and rating consequences are server-authoritative and consistent after reconnect.","S30,S31"
FR-035,Functional,Daily & Correspondence,Daily game notifications,"Send configurable turn, low-time, invitation and result reminders.",P1,Platform,"Given an eligible user and valid starting state, when the ""Daily game notifications"" workflow is exercised, ChessLab shall send configurable turn, low-time, invitation and result reminders; verify that legal state, turn, clock or deadline, result and rating consequences are server-authoritative and consistent after reconnect; delivery respects channel preferences, blocks, abuse controls and unread-state reconciliation.",S29
FR-036,Functional,Bots & Guided Coach,Bot catalog,"Browse opponents by level, style, theme and completion state.",P1,Coach,"Given an eligible user and valid starting state, when the ""Bot catalog"" workflow is exercised, ChessLab shall browse opponents by level, style, theme and completion state; verify that the displayed board, move history, score perspective, evidence version and explanation refer to the same immutable node; an ongoing human game is rejected before engine or coach execution.",S03
FR-037,Functional,Bots & Guided Coach,Bot profile,"Show estimated strength, behavior description, optional assistance and rewards.",P1,Coach,"Given an eligible user and valid starting state, when the ""Bot profile"" workflow is exercised, ChessLab shall show estimated strength, behavior description, optional assistance and rewards; verify that the displayed board, move history, score perspective, evidence version and explanation refer to the same immutable node; an ongoing human game is rejected before engine or coach execution.",S03
FR-038,Functional,Bots & Guided Coach,Adaptive opponent,Adjust challenge within bounded rules without misrepresenting calibrated human rating.,P2,Coach,"Given an eligible user and valid starting state, when the ""Adaptive opponent"" workflow is exercised, ChessLab shall adjust challenge within bounded rules without misrepresenting calibrated human rating; verify that the displayed board, move history, score perspective, evidence version and explanation refer to the same immutable node; an ongoing human game is rejected before engine or coach execution.",S03
FR-039,Functional,Bots & Guided Coach,Fixed engine opponent,Expose deterministic strength settings and search limits for practice.,P0,Coach,"Given an eligible user and valid starting state, when the ""Fixed engine opponent"" workflow is exercised, ChessLab shall expose deterministic strength settings and search limits for practice; verify that the displayed board, move history, score perspective, evidence version and explanation refer to the same immutable node; an ongoing human game is rejected before engine or coach execution.",S03
FR-040,Functional,Bots & Guided Coach,Coach setup,"Choose strength, side, coach persona and assistance preferences before play.",P0,Coach,"Given an eligible user and valid starting state, when the ""Coach setup"" workflow is exercised, ChessLab shall choose strength, side, coach persona and assistance preferences before play; verify that the displayed board, move history, score perspective, evidence version and explanation refer to the same immutable node; an ongoing human game is rejected before engine or coach execution.",S04
FR-041,Functional,Bots & Guided Coach,Move-by-move feedback,Explain move quality and strategic consequence after each move in guided games.,P0,Coach,"Given an eligible user and valid starting state, when the ""Move-by-move feedback"" workflow is exercised, ChessLab shall explain move quality and strategic consequence after each move in guided games; verify that the displayed board, move history, score perspective, evidence version and explanation refer to the same immutable node; an ongoing human game is rejected before engine or coach execution.",S04
FR-042,Functional,Bots & Guided Coach,Hints and progressive reveal,"Offer concept hint first, candidate region second, best move last.",P0,Coach,"Given an eligible user and valid starting state, when the ""Hints and progressive reveal"" workflow is exercised, ChessLab shall offer concept hint first, candidate region second, best move last; verify that the displayed board, move history, score perspective, evidence version and explanation refer to the same immutable node; an ongoing human game is rejected before engine or coach execution.",S04
FR-043,Functional,Bots & Guided Coach,Undo and retry,Allow learner-safe reversal without affecting competitive ratings.,P0,Coach,"Given an eligible user and valid starting state, when the ""Undo and retry"" workflow is exercised, ChessLab shall allow learner-safe reversal without affecting competitive ratings; verify that the displayed board, move history, score perspective, evidence version and explanation refer to the same immutable node; an ongoing human game is rejected before engine or coach execution.",S04
FR-044,Functional,Bots & Guided Coach,Threat and suggestion overlays,Render original visual arrows and highlights tied to verified board facts.,P1,Coach,"Given an eligible user and valid starting state, when the ""Threat and suggestion overlays"" workflow is exercised, ChessLab shall render original visual arrows and highlights tied to verified board facts; verify that the displayed board, move history, score perspective, evidence version and explanation refer to the same immutable node; an ongoing human game is rejected before engine or coach execution.",S04
FR-045,Functional,Bots & Guided Coach,Resume guided games,Persist coach and bot sessions across navigation and devices.,P1,Platform,"Given an eligible user and valid starting state, when the ""Resume guided games"" workflow is exercised, ChessLab shall persist coach and bot sessions across navigation and devices; verify that the displayed board, move history, score perspective, evidence version and explanation refer to the same immutable node; an ongoing human game is rejected before engine or coach execution; the result survives reload and a stale concurrent write returns an explicit conflict instead of silent loss.","S04,S35"
FR-046,Functional,Bots & Guided Coach,Custom-position practice,"Start bot or coach play from imported FEN, game node or constructed setup.",P1,Coach,"Given an eligible user and valid starting state, when the ""Custom-position practice"" workflow is exercised, ChessLab shall start bot or coach play from imported FEN, game node or constructed setup; verify that the displayed board, move history, score perspective, evidence version and explanation refer to the same immutable node; an ongoing human game is rejected before engine or coach execution.",S13
FR-047,Functional,Game Review & Analysis,Review generation,"Create a post-game analysis job with stable version, engine limits and progress state.",P0,Analysis,"Given an eligible user and valid starting state, when the ""Review generation"" workflow is exercised, ChessLab shall create a post-game analysis job with stable version, engine limits and progress state; verify that the displayed board, move history, score perspective, evidence version and explanation refer to the same immutable node; an ongoing human game is rejected before engine or coach execution.","S05,S07"
FR-048,Functional,Game Review & Analysis,Review highlights,"Summarize accuracy, opening, result, advantage graph and decisive moments.",P0,Analysis,"Given an eligible user and valid starting state, when the ""Review highlights"" workflow is exercised, ChessLab shall summarize accuracy, opening, result, advantage graph and decisive moments; verify that the displayed board, move history, score perspective, evidence version and explanation refer to the same immutable node; an ongoing human game is rejected before engine or coach execution.",S05
FR-049,Functional,Game Review & Analysis,Move classification,"Classify moves consistently, explain uncertainty and avoid proprietary glyph copying.",P0,Analysis,"Given an eligible user and valid starting state, when the ""Move classification"" workflow is exercised, ChessLab shall classify moves consistently, explain uncertainty and avoid proprietary glyph copying; verify that the displayed board, move history, score perspective, evidence version and explanation refer to the same immutable node; an ongoing human game is rejected before engine or coach execution.","S05,S02"
FR-050,Functional,Game Review & Analysis,Key-moment navigation,"Jump among critical moments while keeping board, graph and explanation synchronized.",P0,Analysis,"Given an eligible user and valid starting state, when the ""Key-moment navigation"" workflow is exercised, ChessLab shall jump among critical moments while keeping board, graph and explanation synchronized; verify that the displayed board, move history, score perspective, evidence version and explanation refer to the same immutable node; an ongoing human game is rejected before engine or coach execution.",S05
FR-051,Functional,Game Review & Analysis,Retry from mistake,Let the learner replay a critical position and compare the new result.,P0,Analysis,"Given an eligible user and valid starting state, when the ""Retry from mistake"" workflow is exercised, ChessLab shall let the learner replay a critical position and compare the new result; verify that the displayed board, move history, score perspective, evidence version and explanation refer to the same immutable node; an ongoing human game is rejected before engine or coach execution.",S05
FR-052,Functional,Game Review & Analysis,Coach narration,"Provide concise written feedback, optional audio and selectable detail level.",P1,Coach,"Given an eligible user and valid starting state, when the ""Coach narration"" workflow is exercised, ChessLab shall provide concise written feedback, optional audio and selectable detail level; verify that the displayed board, move history, score perspective, evidence version and explanation refer to the same immutable node; an ongoing human game is rejected before engine or coach execution.",S05
FR-053,Functional,Game Review & Analysis,Self-analysis board,"Explore legal continuations manually with engine toggle, lines and evaluation.",P0,Analysis,"Given an eligible user and valid starting state, when the ""Self-analysis board"" workflow is exercised, ChessLab shall explore legal continuations manually with engine toggle, lines and evaluation; verify that the displayed board, move history, score perspective, evidence version and explanation refer to the same immutable node; an ongoing human game is rejected before engine or coach execution.",S06
FR-054,Functional,Game Review & Analysis,Multi-line engine analysis,"Show bounded principal variations, depth, engine identity and score perspective.",P0,Analysis,"Given an eligible user and valid starting state, when the ""Multi-line engine analysis"" workflow is exercised, ChessLab shall show bounded principal variations, depth, engine identity and score perspective; verify that the displayed board, move history, score perspective, evidence version and explanation refer to the same immutable node; an ongoing human game is rejected before engine or coach execution.","S06,S07"
FR-055,Functional,Game Review & Analysis,Charts,"Plot score, time, best-move difference and learning themes against move index.",P1,Insights,"Given an eligible user and valid starting state, when the ""Charts"" workflow is exercised, ChessLab shall plot score, time, best-move difference and learning themes against move index; verify that the displayed board, move history, score perspective, evidence version and explanation refer to the same immutable node; an ongoing human game is rejected before engine or coach execution.",S06
FR-056,Functional,Game Review & Analysis,Annotations,"Attach comments, arrows, square highlights, symbols and variation lines to nodes.",P0,Analysis,"Given an eligible user and valid starting state, when the ""Annotations"" workflow is exercised, ChessLab shall attach comments, arrows, square highlights, symbols and variation lines to nodes; verify that the displayed board, move history, score perspective, evidence version and explanation refer to the same immutable node; an ongoing human game is rejected before engine or coach execution.","S06,S21"
FR-057,Functional,Game Review & Analysis,Cloud analysis tier,"Queue deeper server-side analysis with quotas, cancellation and cost controls.",P1,Scale,"Given an eligible user and valid starting state, when the ""Cloud analysis tier"" workflow is exercised, ChessLab shall queue deeper server-side analysis with quotas, cancellation and cost controls; verify that the displayed board, move history, score perspective, evidence version and explanation refer to the same immutable node; an ongoing human game is rejected before engine or coach execution.",S07
FR-058,Functional,Game Review & Analysis,Import PGN and FEN,"Validate untrusted input, preserve the current study on failure and record provenance.",P0,Analysis,"Given an eligible user and valid starting state, when the ""Import PGN and FEN"" workflow is exercised, ChessLab shall validate untrusted input, preserve the current study on failure and record provenance; verify that the displayed board, move history, score perspective, evidence version and explanation refer to the same immutable node; an ongoing human game is rejected before engine or coach execution; malformed or oversized input is rejected without replacing the current game or study, and accepted input retains provenance.",S21
FR-059,Functional,Game Review & Analysis,Export annotated study,"Export PGN or native study with comments, branches, timestamps and engine metadata.",P0,Analysis,"Given an eligible user and valid starting state, when the ""Export annotated study"" workflow is exercised, ChessLab shall export PGN or native study with comments, branches, timestamps and engine metadata; verify that the displayed board, move history, score perspective, evidence version and explanation refer to the same immutable node; an ongoing human game is rejected before engine or coach execution; private or revoked content is never exposed and the exported representation round-trips supported data.",S21
FR-060,Functional,Game Review & Analysis,Continue from position,Launch legal practice or bot play from any completed-game or study node.,P1,Coach,"Given an eligible user and valid starting state, when the ""Continue from position"" workflow is exercised, ChessLab shall launch legal practice or bot play from any completed-game or study node; verify that the displayed board, move history, score perspective, evidence version and explanation refer to the same immutable node; an ongoing human game is rejected before engine or coach execution; the result survives reload and a stale concurrent write returns an explicit conflict instead of silent loss.",S06
FR-061,Functional,Branch-Native Conversational Tutor,History-bearing node model,"Store board state plus rule-relevant history, not FEN alone.",P0,Differentiator,"Given an eligible user and valid starting state, when the ""History-bearing node model"" workflow is exercised, ChessLab shall store board state plus rule-relevant history, not FEN alone; verify that the displayed board, move history, score perspective, evidence version and explanation refer to the same immutable node; an ongoing human game is rejected before engine or coach execution; the result survives reload and a stale concurrent write returns an explicit conflict instead of silent loss.",S37
FR-062,Functional,Branch-Native Conversational Tutor,Nested branch tree,Create alternatives inside alternatives without altering the actual game line.,P0,Differentiator,"Given an eligible user and valid starting state, when the ""Nested branch tree"" workflow is exercised, ChessLab shall create alternatives inside alternatives without altering the actual game line; verify that the displayed board, move history, score perspective, evidence version and explanation refer to the same immutable node; an ongoing human game is rejected before engine or coach execution.",S37
FR-063,Functional,Branch-Native Conversational Tutor,Stable return anchors,Return from exploration to the exact original node and preserve every sibling branch.,P0,Differentiator,"Given an eligible user and valid starting state, when the ""Stable return anchors"" workflow is exercised, ChessLab shall return from exploration to the exact original node and preserve every sibling branch; verify that the displayed board, move history, score perspective, evidence version and explanation refer to the same immutable node; an ongoing human game is rejected before engine or coach execution.",S37
FR-064,Functional,Branch-Native Conversational Tutor,Node-attached questions,"Bind each learner question and answer to a position, branch and evidence version.",P0,Differentiator,"Given an eligible user and valid starting state, when the ""Node-attached questions"" workflow is exercised, ChessLab shall bind each learner question and answer to a position, branch and evidence version; verify that the displayed board, move history, score perspective, evidence version and explanation refer to the same immutable node; an ongoing human game is rejected before engine or coach execution.",S37
FR-065,Functional,Branch-Native Conversational Tutor,"Ask why, what-if and compare","Support causal questions, alternative replies and side-by-side branch comparison.",P0,Differentiator,"Given an eligible user and valid starting state, when the ""Ask why, what-if and compare"" workflow is exercised, ChessLab shall support causal questions, alternative replies and side-by-side branch comparison; verify that the displayed board, move history, score perspective, evidence version and explanation refer to the same immutable node; an ongoing human game is rejected before engine or coach execution.",S37
FR-066,Functional,Branch-Native Conversational Tutor,Evidence panel,"Separate legal facts, engine estimates, demonstrated lines and uncertain explanations.",P0,Differentiator,"Given an eligible user and valid starting state, when the ""Evidence panel"" workflow is exercised, ChessLab shall separate legal facts, engine estimates, demonstrated lines and uncertain explanations; verify that the displayed board, move history, score perspective, evidence version and explanation refer to the same immutable node; an ongoing human game is rejected before engine or coach execution.",S37
FR-067,Functional,Branch-Native Conversational Tutor,Board-text agreement,"Guarantee that arrows, highlighted pieces, material counts and prose reference one node.",P0,Differentiator,"Given an eligible user and valid starting state, when the ""Board-text agreement"" workflow is exercised, ChessLab shall guarantee that arrows, highlighted pieces, material counts and prose reference one node; verify that the displayed board, move history, score perspective, evidence version and explanation refer to the same immutable node; an ongoing human game is rejected before engine or coach execution.",S37
FR-068,Functional,Branch-Native Conversational Tutor,Misunderstanding model,"Capture the learner prediction, expose the failing assumption and schedule a related retry.",P1,Differentiator,"Given an eligible user and valid starting state, when the ""Misunderstanding model"" workflow is exercised, ChessLab shall capture the learner prediction, expose the failing assumption and schedule a related retry; verify that the displayed board, move history, score perspective, evidence version and explanation refer to the same immutable node; an ongoing human game is rejected before engine or coach execution.",S37
FR-069,Functional,Branch-Native Conversational Tutor,Teach-back check,Ask the learner to explain the idea before revealing a polished summary.,P1,Learning,"Given an eligible user and valid starting state, when the ""Teach-back check"" workflow is exercised, ChessLab shall ask the learner to explain the idea before revealing a polished summary; verify that the displayed board, move history, score perspective, evidence version and explanation refer to the same immutable node; an ongoing human game is rejected before engine or coach execution.",S37
FR-070,Functional,Branch-Native Conversational Tutor,Spaced branch retry,Revisit prior misunderstandings using transformed but related positions.,P2,Learning,"Given an eligible user and valid starting state, when the ""Spaced branch retry"" workflow is exercised, ChessLab shall revisit prior misunderstandings using transformed but related positions; verify that the displayed board, move history, score perspective, evidence version and explanation refer to the same immutable node; an ongoing human game is rejected before engine or coach execution.",S37
FR-071,Functional,Branch-Native Conversational Tutor,Share and fork study,Share a view-only or editable branch workspace with provenance and permissions.,P1,Collaboration,"Given an eligible user and valid starting state, when the ""Share and fork study"" workflow is exercised, ChessLab shall share a view-only or editable branch workspace with provenance and permissions; verify that the displayed board, move history, score perspective, evidence version and explanation refer to the same immutable node; an ongoing human game is rejected before engine or coach execution; private or revoked content is never exposed and the exported representation round-trips supported data.","S08,S37"
FR-072,Functional,Branch-Native Conversational Tutor,Creator workspace,"Let coaches package branches, questions and retries into reusable studies.",P2,Collaboration,"Given an eligible user and valid starting state, when the ""Creator workspace"" workflow is exercised, ChessLab shall let coaches package branches, questions and retries into reusable studies; verify that the displayed board, move history, score perspective, evidence version and explanation refer to the same immutable node; an ongoing human game is rejected before engine or coach execution.",S37
FR-073,Functional,Opening Explorer & Collections,Master opening database,"Show move frequency, outcomes, opening names and notable games by position.",P1,Analysis,"Given an eligible user and valid starting state, when the ""Master opening database"" workflow is exercised, ChessLab shall show move frequency, outcomes, opening names and notable games by position; verify that the displayed board, move history, score perspective, evidence version and explanation refer to the same immutable node; an ongoing human game is rejected before engine or coach execution.",S09
FR-074,Functional,Opening Explorer & Collections,Personal opening explorer,"Filter the user game corpus by color, time class, date and continuation.",P1,Insights,"Given an eligible user and valid starting state, when the ""Personal opening explorer"" workflow is exercised, ChessLab shall filter the user game corpus by color, time class, date and continuation; verify that the displayed board, move history, score perspective, evidence version and explanation refer to the same immutable node; an ongoing human game is rejected before engine or coach execution; empty, loading, no-result, permission-filtered and paginated states are covered.","S09,S23"
FR-075,Functional,Opening Explorer & Collections,Opponent research boundary,Allow completed public-game study while preventing live assistance.,P0,Trust,"Given an eligible user and valid starting state, when the ""Opponent research boundary"" workflow is exercised, ChessLab shall allow completed public-game study while preventing live assistance; verify that the displayed board, move history, score perspective, evidence version and explanation refer to the same immutable node; an ongoing human game is rejected before engine or coach execution; empty, loading, no-result, permission-filtered and paginated states are covered.","S30,S31"
FR-076,Functional,Opening Explorer & Collections,Collection library,"Organize games and studies into private, public or shared collections.",P1,Collaboration,"Given an eligible user and valid starting state, when the ""Collection library"" workflow is exercised, ChessLab shall organize games and studies into private, public or shared collections; verify that the displayed board, move history, score perspective, evidence version and explanation refer to the same immutable node; an ongoing human game is rejected before engine or coach execution; the result survives reload and a stale concurrent write returns an explicit conflict instead of silent loss.",S08
FR-077,Functional,Opening Explorer & Collections,Collection roles,"Support owner, editor and viewer permissions with audit history.",P1,Collaboration,"Given an eligible user and valid starting state, when the ""Collection roles"" workflow is exercised, ChessLab shall support owner, editor and viewer permissions with audit history; verify that the displayed board, move history, score perspective, evidence version and explanation refer to the same immutable node; an ongoing human game is rejected before engine or coach execution; the result survives reload and a stale concurrent write returns an explicit conflict instead of silent loss.",S08
FR-078,Functional,Opening Explorer & Collections,Community collections,"Discover, preview, bookmark and fork public study collections.",P2,Community,"Given an eligible user and valid starting state, when the ""Community collections"" workflow is exercised, ChessLab shall discover, preview, bookmark and fork public study collections; verify that the displayed board, move history, score perspective, evidence version and explanation refer to the same immutable node; an ongoing human game is rejected before engine or coach execution; the result survives reload and a stale concurrent write returns an explicit conflict instead of silent loss.",S08
FR-079,Functional,Opening Explorer & Collections,Search and bulk actions,"Search games and studies, then move, tag, export or delete selected items.",P1,Platform,"Given an eligible user and valid starting state, when the ""Search and bulk actions"" workflow is exercised, ChessLab shall search games and studies, then move, tag, export or delete selected items; verify that the displayed board, move history, score perspective, evidence version and explanation refer to the same immutable node; an ongoing human game is rejected before engine or coach execution; empty, loading, no-result, permission-filtered and paginated states are covered.","S08,S20"
FR-080,Functional,Puzzles & Tactics,Rated puzzle queue,Serve rating-appropriate legal puzzles and update puzzle rating after full solution.,P0,Learning,"Given an eligible user and valid starting state, when the ""Rated puzzle queue"" workflow is exercised, ChessLab shall serve rating-appropriate legal puzzles and update puzzle rating after full solution; verify that wrong, partial, retry and completion paths award progress only under the declared mastery rule.",S10
FR-081,Functional,Puzzles & Tactics,Progressive puzzle feedback,"Show correctness, opponent replies, explanation and retry without leaking early.",P0,Learning,"Given an eligible user and valid starting state, when the ""Progressive puzzle feedback"" workflow is exercised, ChessLab shall show correctness, opponent replies, explanation and retry without leaking early; verify that wrong, partial, retry and completion paths award progress only under the declared mastery rule.",S10
FR-082,Functional,Puzzles & Tactics,Puzzle Rush,Run timed survival and fixed-duration modes with mistake limits and summaries.,P1,Learning,"Given an eligible user and valid starting state, when the ""Puzzle Rush"" workflow is exercised, ChessLab shall run timed survival and fixed-duration modes with mistake limits and summaries; verify that wrong, partial, retry and completion paths award progress only under the declared mastery rule.",S10
FR-083,Functional,Puzzles & Tactics,Puzzle Battle,"Match similar puzzle-battle ratings and synchronize score, timer and error state.",P2,Community,"Given an eligible user and valid starting state, when the ""Puzzle Battle"" workflow is exercised, ChessLab shall match similar puzzle-battle ratings and synchronize score, timer and error state; verify that wrong, partial, retry and completion paths award progress only under the declared mastery rule.",S11
FR-084,Functional,Puzzles & Tactics,Daily puzzle,"Publish one daily puzzle with local-day streak, discussion and share state.",P1,Growth,"Given an eligible user and valid starting state, when the ""Daily puzzle"" workflow is exercised, ChessLab shall publish one daily puzzle with local-day streak, discussion and share state; verify that wrong, partial, retry and completion paths award progress only under the declared mastery rule.",S10
FR-085,Functional,Puzzles & Tactics,Custom puzzle filters,"Choose themes, rating band, failed-only and unrated learning mode.",P1,Learning,"Given an eligible user and valid starting state, when the ""Custom puzzle filters"" workflow is exercised, ChessLab shall choose themes, rating band, failed-only and unrated learning mode; verify that wrong, partial, retry and completion paths award progress only under the declared mastery rule.",S10
FR-086,Functional,Puzzles & Tactics,Puzzle history,"Review attempts, themes, accuracy, time and failed positions.",P1,Insights,"Given an eligible user and valid starting state, when the ""Puzzle history"" workflow is exercised, ChessLab shall review attempts, themes, accuracy, time and failed positions; verify that wrong, partial, retry and completion paths award progress only under the declared mastery rule; the result survives reload and a stale concurrent write returns an explicit conflict instead of silent loss.",S10
FR-087,Functional,Puzzles & Tactics,Hearts or recovery model,Allow limited errors in beginner-friendly modes without corrupting rated results.,P2,Learning,"Given an eligible user and valid starting state, when the ""Hearts or recovery model"" workflow is exercised, ChessLab shall allow limited errors in beginner-friendly modes without corrupting rated results; verify that wrong, partial, retry and completion paths award progress only under the declared mastery rule.",S10
FR-088,Functional,Puzzles & Tactics,Puzzle taxonomy versioning,Version themes so classification changes do not rewrite historical analytics silently.,P1,Platform,"Given an eligible user and valid starting state, when the ""Puzzle taxonomy versioning"" workflow is exercised, ChessLab shall version themes so classification changes do not rewrite historical analytics silently; verify that wrong, partial, retry and completion paths award progress only under the declared mastery rule.",S10
FR-089,Functional,"Lessons, Practice & Curriculum",Structured learning path,"Sequence concepts by prerequisites, skill band and mastery checks.",P1,Learning,"Given an eligible user and valid starting state, when the ""Structured learning path"" workflow is exercised, ChessLab shall sequence concepts by prerequisites, skill band and mastery checks; verify that wrong, partial, retry and completion paths award progress only under the declared mastery rule.",S12
FR-090,Functional,"Lessons, Practice & Curriculum",Lesson library,"Browse and filter courses by level, topic, format and instructor.",P1,Learning,"Given an eligible user and valid starting state, when the ""Lesson library"" workflow is exercised, ChessLab shall browse and filter courses by level, topic, format and instructor; verify that wrong, partial, retry and completion paths award progress only under the declared mastery rule.",S12
FR-091,Functional,"Lessons, Practice & Curriculum",Interactive lesson player,"Combine explanation, board challenge, feedback, progress and resume.",P0,Learning,"Given an eligible user and valid starting state, when the ""Interactive lesson player"" workflow is exercised, ChessLab shall combine explanation, board challenge, feedback, progress and resume; verify that wrong, partial, retry and completion paths award progress only under the declared mastery rule.",S12
FR-092,Functional,"Lessons, Practice & Curriculum",Opening practice,"Select an opening and color, then practice required lines against a compliant bot.",P1,Learning,"Given an eligible user and valid starting state, when the ""Opening practice"" workflow is exercised, ChessLab shall select an opening and color, then practice required lines against a compliant bot; verify that wrong, partial, retry and completion paths award progress only under the declared mastery rule.",S13
FR-093,Functional,"Lessons, Practice & Curriculum",Master-game practice,Enter key historical positions and compare learner choices with source games.,P2,Learning,"Given an eligible user and valid starting state, when the ""Master-game practice"" workflow is exercised, ChessLab shall enter key historical positions and compare learner choices with source games; verify that wrong, partial, retry and completion paths award progress only under the declared mastery rule.",S13
FR-094,Functional,"Lessons, Practice & Curriculum",Thematic drills,"Practice pawn structures, tactical motifs and strategic patterns repeatedly.",P1,Learning,"Given an eligible user and valid starting state, when the ""Thematic drills"" workflow is exercised, ChessLab shall practice pawn structures, tactical motifs and strategic patterns repeatedly; verify that wrong, partial, retry and completion paths award progress only under the declared mastery rule.",S13
FR-095,Functional,"Lessons, Practice & Curriculum",Custom-position training,Paste FEN or choose a saved node and define the training objective.,P1,Learning,"Given an eligible user and valid starting state, when the ""Custom-position training"" workflow is exercised, ChessLab shall paste FEN or choose a saved node and define the training objective; verify that wrong, partial, retry and completion paths award progress only under the declared mastery rule.",S13
FR-096,Functional,"Lessons, Practice & Curriculum",Endgame curriculum,"Offer category, subtheme, challenge, practice and learn modes.",P1,Learning,"Given an eligible user and valid starting state, when the ""Endgame curriculum"" workflow is exercised, ChessLab shall offer category, subtheme, challenge, practice and learn modes; verify that wrong, partial, retry and completion paths award progress only under the declared mastery rule.",S14
FR-097,Functional,"Lessons, Practice & Curriculum",Board vision trainer,Train coordinates and move visualization with timed scoring and orientation options.,P2,Learning,"Given an eligible user and valid starting state, when the ""Board vision trainer"" workflow is exercised, ChessLab shall train coordinates and move visualization with timed scoring and orientation options; verify that wrong, partial, retry and completion paths award progress only under the declared mastery rule.",S14
FR-098,Functional,"Lessons, Practice & Curriculum",Recommendation engine,"Recommend the next lesson or drill from demonstrated mistakes, not generic level alone.",P1,Insights,"Given an eligible user and valid starting state, when the ""Recommendation engine"" workflow is exercised, ChessLab shall recommend the next lesson or drill from demonstrated mistakes, not generic level alone; verify that wrong, partial, retry and completion paths award progress only under the declared mastery rule.","S05,S24"
FR-099,Functional,"Lessons, Practice & Curriculum",Mastery and retry policy,Require successful transfer or teach-back before marking a concept mastered.,P1,Learning,"Given an eligible user and valid starting state, when the ""Mastery and retry policy"" workflow is exercised, ChessLab shall require successful transfer or teach-back before marking a concept mastered; verify that wrong, partial, retry and completion paths award progress only under the declared mastery rule.",S37
FR-100,Functional,"Profile, Stats & Progress",Public profile,"Show identity, optional details, ratings, awards, clubs and recent public activity.",P1,Community,"Given an eligible user and valid starting state, when the ""Public profile"" workflow is exercised, ChessLab shall show identity, optional details, ratings, awards, clubs and recent public activity; verify that success, validation failure, denied access, empty/loading state, persistence and analytics are covered on desktop and mobile.",S29
FR-101,Functional,"Profile, Stats & Progress",Rating dashboards,Track separate ratings and histories by time control and game type.,P0,Insights,"Given an eligible user and valid starting state, when the ""Rating dashboards"" workflow is exercised, ChessLab shall track separate ratings and histories by time control and game type; verify that success, validation failure, denied access, empty/loading state, persistence and analytics are covered on desktop and mobile.",S20
FR-102,Functional,"Profile, Stats & Progress",Opening stats,"Show frequency, results and continuation trees with filters and mini-board.",P1,Insights,"Given an eligible user and valid starting state, when the ""Opening stats"" workflow is exercised, ChessLab shall show frequency, results and continuation trees with filters and mini-board; verify that success, validation failure, denied access, empty/loading state, persistence and analytics are covered on desktop and mobile.",S23
FR-103,Functional,"Profile, Stats & Progress",Advanced chess stats,"Measure opening, tactics, strategy and endgame strengths with explainable methodology.",P2,Insights,"Given an eligible user and valid starting state, when the ""Advanced chess stats"" workflow is exercised, ChessLab shall measure opening, tactics, strategy and endgame strengths with explainable methodology; verify that success, validation failure, denied access, empty/loading state, persistence and analytics are covered on desktop and mobile.",S25
FR-104,Functional,"Profile, Stats & Progress",Insights workspace,"Analyze patterns by time class, date range, result, accuracy and activity time.",P2,Insights,"Given an eligible user and valid starting state, when the ""Insights workspace"" workflow is exercised, ChessLab shall analyze patterns by time class, date range, result, accuracy and activity time; verify that success, validation failure, denied access, empty/loading state, persistence and analytics are covered on desktop and mobile.",S24
FR-105,Functional,"Profile, Stats & Progress",Achievement system,Award verifiable milestones and show locked criteria without pay-to-win ratings.,P2,Growth,"Given an eligible user and valid starting state, when the ""Achievement system"" workflow is exercised, ChessLab shall award verifiable milestones and show locked criteria without pay-to-win ratings; verify that success, validation failure, denied access, empty/loading state, persistence and analytics are covered on desktop and mobile.",S10
FR-106,Functional,"Profile, Stats & Progress",Game archive,"Filter by game type, date, opponent, result and opening with stable pagination.",P0,Platform,"Given an eligible user and valid starting state, when the ""Game archive"" workflow is exercised, ChessLab shall filter by game type, date, opponent, result and opening with stable pagination; verify that the result survives reload and a stale concurrent write returns an explicit conflict instead of silent loss.",S20
FR-107,Functional,"Profile, Stats & Progress",Bot and coach privacy,Keep guided-game history private by default and allow deletion.,P0,Privacy,"Given an eligible user and valid starting state, when the ""Bot and coach privacy"" workflow is exercised, ChessLab shall keep guided-game history private by default and allow deletion; verify that success, validation failure, denied access, empty/loading state, persistence and analytics are covered on desktop and mobile.","S03,S04"
FR-108,Functional,"Watch, Events & Content",Live chess channel,Provide an integrated current broadcast with schedule and chat policy.,P2,Community,"Given an eligible user and valid starting state, when the ""Live chess channel"" workflow is exercised, ChessLab shall provide an integrated current broadcast with schedule and chat policy; verify that success, validation failure, denied access, empty/loading state, persistence and analytics are covered on desktop and mobile.",S26
FR-109,Functional,"Watch, Events & Content",Event directory,"List ongoing and upcoming tournaments, leagues and broadcasts.",P2,Community,"Given an eligible user and valid starting state, when the ""Event directory"" workflow is exercised, ChessLab shall list ongoing and upcoming tournaments, leagues and broadcasts; verify that empty, loading, no-result, permission-filtered and paginated states are covered.",S26
FR-110,Functional,"Watch, Events & Content",Event broadcast board,"Synchronize board, clocks, standings, commentary, engine and video.",P2,Community,"Given an eligible user and valid starting state, when the ""Event broadcast board"" workflow is exercised, ChessLab shall synchronize board, clocks, standings, commentary, engine and video; verify that success, validation failure, denied access, empty/loading state, persistence and analytics are covered on desktop and mobile.",S26
FR-111,Functional,"Watch, Events & Content",Streamer directory,List currently live creators and hand off to approved external platforms.,P2,Community,"Given an eligible user and valid starting state, when the ""Streamer directory"" workflow is exercised, ChessLab shall list currently live creators and hand off to approved external platforms; verify that empty, loading, no-result, permission-filtered and paginated states are covered.",S26
FR-112,Functional,"Watch, Events & Content",Playing-now spectating,Surface notable live games with delay and fair-play controls.,P2,Community,"Given an eligible user and valid starting state, when the ""Playing-now spectating"" workflow is exercised, ChessLab shall surface notable live games with delay and fair-play controls; verify that success, validation failure, denied access, empty/loading state, persistence and analytics are covered on desktop and mobile.","S26,S31"
FR-113,Functional,"Watch, Events & Content",Editorial hub,"Publish news, recaps, instructional articles and author pages with moderation.",P2,Content,"Given an eligible user and valid starting state, when the ""Editorial hub"" workflow is exercised, ChessLab shall publish news, recaps, instructional articles and author pages with moderation; verify that success, validation failure, denied access, empty/loading state, persistence and analytics are covered on desktop and mobile.",S26
FR-114,Functional,"Watch, Events & Content",Embeddable public views,"Generate safe embed codes for games, studies and events.",P2,Platform,"Given an eligible user and valid starting state, when the ""Embeddable public views"" workflow is exercised, ChessLab shall generate safe embed codes for games, studies and events; verify that private or revoked content is never exposed and the exported representation round-trips supported data.","S21,S26"
FR-115,Functional,Community & Social,Friends graph,"Send, accept, decline, cancel and limit friend requests.",P1,Community,"Given an eligible user and valid starting state, when the ""Friends graph"" workflow is exercised, ChessLab shall send, accept, decline, cancel and limit friend requests; verify that privacy, block, safe-mode, age and moderation rules are enforced before rendering or delivery.",S28
FR-116,Functional,Community & Social,Follow graph,Follow creators or players independently of mutual friendship.,P2,Community,"Given an eligible user and valid starting state, when the ""Follow graph"" workflow is exercised, ChessLab shall follow creators or players independently of mutual friendship; verify that privacy, block, safe-mode, age and moderation rules are enforced before rendering or delivery.",S28
FR-117,Functional,Community & Social,Persistent chat,Keep one-to-one and group chat available across navigation with unread state.,P1,Community,"Given an eligible user and valid starting state, when the ""Persistent chat"" workflow is exercised, ChessLab shall keep one-to-one and group chat available across navigation with unread state; verify that privacy, block, safe-mode, age and moderation rules are enforced before rendering or delivery; delivery respects channel preferences, blocks, abuse controls and unread-state reconciliation.",S28
FR-118,Functional,Community & Social,In-game chat controls,"Allow everyone, request-only, friends-only or disabled chat policies.",P0,Trust,"Given an eligible user and valid starting state, when the ""In-game chat controls"" workflow is exercised, ChessLab shall allow everyone, request-only, friends-only or disabled chat policies; verify that privacy, block, safe-mode, age and moderation rules are enforced before rendering or delivery; delivery respects channel preferences, blocks, abuse controls and unread-state reconciliation.",S32
FR-119,Functional,Community & Social,Club discovery,"Search and browse clubs by interest, location, activity and language.",P2,Community,"Given an eligible user and valid starting state, when the ""Club discovery"" workflow is exercised, ChessLab shall search and browse clubs by interest, location, activity and language; verify that privacy, block, safe-mode, age and moderation rules are enforced before rendering or delivery; empty, loading, no-result, permission-filtered and paginated states are covered.",S27
FR-120,Functional,Community & Social,Club membership workflow,"Support open, request-to-join and invitation-only membership.",P2,Community,"Given an eligible user and valid starting state, when the ""Club membership workflow"" workflow is exercised, ChessLab shall support open, request-to-join and invitation-only membership; verify that privacy, block, safe-mode, age and moderation rules are enforced before rendering or delivery.",S27
FR-121,Functional,Community & Social,Club spaces,"Provide notes, forums, chat, matches, vote chess and events.",P2,Community,"Given an eligible user and valid starting state, when the ""Club spaces"" workflow is exercised, ChessLab shall provide notes, forums, chat, matches, vote chess and events; verify that privacy, block, safe-mode, age and moderation rules are enforced before rendering or delivery.",S27
FR-122,Functional,Community & Social,Club roles and audit,"Model owner, super-admin, admin, coordinator and member permissions.",P2,Trust,"Given an eligible user and valid starting state, when the ""Club roles and audit"" workflow is exercised, ChessLab shall model owner, super-admin, admin, coordinator and member permissions; verify that privacy, block, safe-mode, age and moderation rules are enforced before rendering or delivery.",S27
FR-123,Functional,Community & Social,Forums and comments,"Thread discussions with edits, reports, moderation and notification controls.",P2,Community,"Given an eligible user and valid starting state, when the ""Forums and comments"" workflow is exercised, ChessLab shall thread discussions with edits, reports, moderation and notification controls; verify that privacy, block, safe-mode, age and moderation rules are enforced before rendering or delivery; delivery respects channel preferences, blocks, abuse controls and unread-state reconciliation.","S27,S31"
FR-124,Functional,Community & Social,User blogs,Let members publish moderated long-form posts and follow authors.,P2,Content,"Given an eligible user and valid starting state, when the ""User blogs"" workflow is exercised, ChessLab shall let members publish moderated long-form posts and follow authors; verify that privacy, block, safe-mode, age and moderation rules are enforced before rendering or delivery; delivery respects channel preferences, blocks, abuse controls and unread-state reconciliation.",S28
FR-125,Functional,Community & Social,Notifications center,"Aggregate social, game, learning, commerce and system notifications.",P1,Platform,"Given an eligible user and valid starting state, when the ""Notifications center"" workflow is exercised, ChessLab shall aggregate social, game, learning, commerce and system notifications; verify that privacy, block, safe-mode, age and moderation rules are enforced before rendering or delivery; delivery respects channel preferences, blocks, abuse controls and unread-state reconciliation.",S29
FR-126,Functional,Tournaments & Variants,Arena tournaments,"Support continuous pairing, streak scoring, countdown and standings.",P2,Community,"Given an eligible user and valid starting state, when the ""Arena tournaments"" workflow is exercised, ChessLab shall support continuous pairing, streak scoring, countdown and standings; verify that legal state, turn, clock or deadline, result and rating consequences are server-authoritative and consistent after reconnect.",S15
FR-127,Functional,Tournaments & Variants,Swiss tournaments,"Support scheduled rounds, pairings, tie-breaks and result correction workflow.",P2,Community,"Given an eligible user and valid starting state, when the ""Swiss tournaments"" workflow is exercised, ChessLab shall support scheduled rounds, pairings, tie-breaks and result correction workflow; verify that legal state, turn, clock or deadline, result and rating consequences are server-authoritative and consistent after reconnect.",S15
FR-128,Functional,Tournaments & Variants,Daily tournaments,"Support group stages, simultaneous round-robin games and advancement.",P2,Community,"Given an eligible user and valid starting state, when the ""Daily tournaments"" workflow is exercised, ChessLab shall support group stages, simultaneous round-robin games and advancement; verify that legal state, turn, clock or deadline, result and rating consequences are server-authoritative and consistent after reconnect.",S16
FR-129,Functional,Tournaments & Variants,Tournament creation,"Configure format, time control, visibility, eligibility and participant caps.",P2,Community,"Given an eligible user and valid starting state, when the ""Tournament creation"" workflow is exercised, ChessLab shall configure format, time control, visibility, eligibility and participant caps; verify that legal state, turn, clock or deadline, result and rating consequences are server-authoritative and consistent after reconnect.","S15,S16"
FR-130,Functional,Tournaments & Variants,Tournament moderation,"Provide director controls, chat policy, removal, cancellation and audit logs.",P2,Trust,"Given an eligible user and valid starting state, when the ""Tournament moderation"" workflow is exercised, ChessLab shall provide director controls, chat policy, removal, cancellation and audit logs; verify that legal state, turn, clock or deadline, result and rating consequences are server-authoritative and consistent after reconnect.","S15,S31"
FR-131,Functional,Tournaments & Variants,Variant lobby,"Browse variants with play, lobby, arenas, watch, leaders and archive tabs.",P3,Expansion,"Given an eligible user and valid starting state, when the ""Variant lobby"" workflow is exercised, ChessLab shall browse variants with play, lobby, arenas, watch, leaders and archive tabs; verify that legal state, turn, clock or deadline, result and rating consequences are server-authoritative and consistent after reconnect; the extension remains isolated from core play and is disabled until rights and operational readiness are approved.",S18
FR-132,Functional,Tournaments & Variants,Custom variant editor,Compose supported rule modules and validate starting positions.,P3,Expansion,"Given an eligible user and valid starting state, when the ""Custom variant editor"" workflow is exercised, ChessLab shall compose supported rule modules and validate starting positions; verify that legal state, turn, clock or deadline, result and rating consequences are server-authoritative and consistent after reconnect; the extension remains isolated from core play and is disabled until rights and operational readiness are approved.",S18
FR-133,Functional,Tournaments & Variants,Variant-specific ratings,Keep ratings and archives separate per variant and time class.,P3,Expansion,"Given an eligible user and valid starting state, when the ""Variant-specific ratings"" workflow is exercised, ChessLab shall keep ratings and archives separate per variant and time class; verify that legal state, turn, clock or deadline, result and rating consequences are server-authoritative and consistent after reconnect; the extension remains isolated from core play and is disabled until rights and operational readiness are approved.",S18
FR-134,Functional,"Settings, Accessibility & Devices",Board and piece themes,"Offer original or licensed themes, backgrounds, coordinates and animation choices.",P1,Polish,"Given an eligible user and valid starting state, when the ""Board and piece themes"" workflow is exercised, ChessLab shall offer original or licensed themes, backgrounds, coordinates and animation choices; verify that the workflow is operable by keyboard and assistive technology, persists as scoped, and has no horizontal overflow at 320 px.","S29,S02"
FR-135,Functional,"Settings, Accessibility & Devices",Move and sound preferences,"Configure move method, legal markers, premoves, confirmations and sound themes.",P1,Polish,"Given an eligible user and valid starting state, when the ""Move and sound preferences"" workflow is exercised, ChessLab shall configure move method, legal markers, premoves, confirmations and sound themes; verify that the workflow is operable by keyboard and assistive technology, persists as scoped, and has no horizontal overflow at 320 px.",S29
FR-136,Functional,"Settings, Accessibility & Devices",Gameplay settings,"Centralize live, daily, bot, coach and puzzle behavior preferences.",P1,Platform,"Given an eligible user and valid starting state, when the ""Gameplay settings"" workflow is exercised, ChessLab shall centralize live, daily, bot, coach and puzzle behavior preferences; verify that the workflow is operable by keyboard and assistive technology, persists as scoped, and has no horizontal overflow at 320 px.",S29
FR-137,Functional,"Settings, Accessibility & Devices",Coach settings,"Choose persona, voice, appearance locations, autosave and feedback intensity.",P1,Coach,"Given an eligible user and valid starting state, when the ""Coach settings"" workflow is exercised, ChessLab shall choose persona, voice, appearance locations, autosave and feedback intensity; verify that the workflow is operable by keyboard and assistive technology, persists as scoped, and has no horizontal overflow at 320 px.",S04
FR-138,Functional,"Settings, Accessibility & Devices",Notification routing,"Choose in-app, push and email delivery by notification category.",P1,Platform,"Given an eligible user and valid starting state, when the ""Notification routing"" workflow is exercised, ChessLab shall choose in-app, push and email delivery by notification category; verify that the workflow is operable by keyboard and assistive technology, persists as scoped, and has no horizontal overflow at 320 px; delivery respects channel preferences, blocks, abuse controls and unread-state reconciliation.",S29
FR-139,Functional,"Settings, Accessibility & Devices",Privacy controls,"Control profile fields, friends visibility, challenges and contact permissions.",P0,Privacy,"Given an eligible user and valid starting state, when the ""Privacy controls"" workflow is exercised, ChessLab shall control profile fields, friends visibility, challenges and contact permissions; verify that the workflow is operable by keyboard and assistive technology, persists as scoped, and has no horizontal overflow at 320 px.","S29,S32"
FR-140,Functional,"Settings, Accessibility & Devices",Localization,"Support interface language, content language, locale, notation and timezone.",P1,Platform,"Given an eligible user and valid starting state, when the ""Localization"" workflow is exercised, ChessLab shall support interface language, content language, locale, notation and timezone; verify that the workflow is operable by keyboard and assistive technology, persists as scoped, and has no horizontal overflow at 320 px.",S29
FR-141,Functional,"Settings, Accessibility & Devices",Keyboard operation,"Make all game, review and learning workflows operable without dragging.",P0,Accessibility,"Given an eligible user and valid starting state, when the ""Keyboard operation"" workflow is exercised, ChessLab shall make all game, review and learning workflows operable without dragging; verify that the workflow is operable by keyboard and assistive technology, persists as scoped, and has no horizontal overflow at 320 px.",S29
FR-142,Functional,"Settings, Accessibility & Devices",Screen-reader semantics,"Expose board state, move list, clocks, alerts and annotations semantically.",P0,Accessibility,"Given an eligible user and valid starting state, when the ""Screen-reader semantics"" workflow is exercised, ChessLab shall expose board state, move list, clocks, alerts and annotations semantically; verify that the workflow is operable by keyboard and assistive technology, persists as scoped, and has no horizontal overflow at 320 px.",S29
FR-143,Functional,"Settings, Accessibility & Devices",Reduced motion and contrast,Respect OS preferences and provide accessible contrast modes.,P0,Accessibility,"Given an eligible user and valid starting state, when the ""Reduced motion and contrast"" workflow is exercised, ChessLab shall respect OS preferences and provide accessible contrast modes; verify that the workflow is operable by keyboard and assistive technology, persists as scoped, and has no horizontal overflow at 320 px.",S29
FR-144,Functional,"Settings, Accessibility & Devices",Responsive web,Preserve complete core workflows from 320 px mobile to wide desktop.,P0,Platform,"Given an eligible user and valid starting state, when the ""Responsive web"" workflow is exercised, ChessLab shall preserve complete core workflows from 320 px mobile to wide desktop; verify that the workflow is operable by keyboard and assistive technology, persists as scoped, and has no horizontal overflow at 320 px.","S35,S36"
FR-145,Functional,"Settings, Accessibility & Devices",Native-app parity matrix,Document every web/mobile parity gap and degrade explicitly.,P1,Platform,"Given an eligible user and valid starting state, when the ""Native-app parity matrix"" workflow is exercised, ChessLab shall document every web/mobile parity gap and degrade explicitly; verify that the workflow is operable by keyboard and assistive technology, persists as scoped, and has no horizontal overflow at 320 px.","S35,S36"
FR-146,Functional,"Settings, Accessibility & Devices",Offline drafts,Allow local study notes and queued uploads without permitting offline competitive moves.,P2,Platform,"Given an eligible user and valid starting state, when the ""Offline drafts"" workflow is exercised, ChessLab shall allow local study notes and queued uploads without permitting offline competitive moves; verify that the workflow is operable by keyboard and assistive technology, persists as scoped, and has no horizontal overflow at 320 px; the result survives reload and a stale concurrent write returns an explicit conflict instead of silent loss.",S35
FR-147,Functional,"Trust, Safety & Fair Play",Fair Play Lock,"Disable engine, coach, recommendations and branch explanations for ongoing human games.",P0,Trust,"Given an eligible user and valid starting state, when the ""Fair Play Lock"" workflow is exercised, ChessLab shall disable engine, coach, recommendations and branch explanations for ongoing human games; verify that privacy, block, safe-mode, age and moderation rules are enforced before rendering or delivery.","S30,S31,S37"
FR-148,Functional,"Trust, Safety & Fair Play",Game-context policy engine,"Determine allowed tools from game type, status, rating and opponent class.",P0,Trust,"Given an eligible user and valid starting state, when the ""Game-context policy engine"" workflow is exercised, ChessLab shall determine allowed tools from game type, status, rating and opponent class; verify that privacy, block, safe-mode, age and moderation rules are enforced before rendering or delivery.","S30,S31"
FR-149,Functional,"Trust, Safety & Fair Play",Report workflow,"Report cheating, abuse or illegal content with category, evidence and block option.",P0,Trust,"Given an eligible user and valid starting state, when the ""Report workflow"" workflow is exercised, ChessLab shall report cheating, abuse or illegal content with category, evidence and block option; verify that privacy, block, safe-mode, age and moderation rules are enforced before rendering or delivery.","S31,S32"
FR-150,Functional,"Trust, Safety & Fair Play",Block graph enforcement,"Apply blocks to messaging, challenges, matchmaking, tournaments and content.",P0,Trust,"Given an eligible user and valid starting state, when the ""Block graph enforcement"" workflow is exercised, ChessLab shall apply blocks to messaging, challenges, matchmaking, tournaments and content; verify that privacy, block, safe-mode, age and moderation rules are enforced before rendering or delivery.",S32
FR-151,Functional,"Trust, Safety & Fair Play",Safe mode,"Disable messages, chats and comments while preserving play and learning.",P1,Trust,"Given an eligible user and valid starting state, when the ""Safe mode"" workflow is exercised, ChessLab shall disable messages, chats and comments while preserving play and learning; verify that privacy, block, safe-mode, age and moderation rules are enforced before rendering or delivery.",S32
FR-152,Functional,"Trust, Safety & Fair Play",Child safety controls,"Gate social access, parental consent and discovery based on age and jurisdiction.",P0,Trust,"Given an eligible user and valid starting state, when the ""Child safety controls"" workflow is exercised, ChessLab shall gate social access, parental consent and discovery based on age and jurisdiction; verify that privacy, block, safe-mode, age and moderation rules are enforced before rendering or delivery.",S32
FR-153,Functional,"Trust, Safety & Fair Play",Moderation console,"Queue reports, preserve evidence, document actions and enforce least privilege.",P1,Operations,"Given an eligible user and valid starting state, when the ""Moderation console"" workflow is exercised, ChessLab shall queue reports, preserve evidence, document actions and enforce least privilege; verify that privacy, block, safe-mode, age and moderation rules are enforced before rendering or delivery.",S31
FR-154,Functional,"Trust, Safety & Fair Play",Fair-play case handling,"Separate automated signals, human review, appeals and rating restoration.",P1,Operations,"Given an eligible user and valid starting state, when the ""Fair-play case handling"" workflow is exercised, ChessLab shall separate automated signals, human review, appeals and rating restoration; verify that privacy, block, safe-mode, age and moderation rules are enforced before rendering or delivery.",S31
FR-155,Functional,"Trust, Safety & Fair Play",Prompt-injection boundary,"Treat imported PGN, comments, chat and community content as untrusted data.",P0,Security,"Given an eligible user and valid starting state, when the ""Prompt-injection boundary"" workflow is exercised, ChessLab shall treat imported PGN, comments, chat and community content as untrusted data; verify that privacy, block, safe-mode, age and moderation rules are enforced before rendering or delivery.",S37
FR-156,Functional,"Trust, Safety & Fair Play",Anti-harassment controls,"Rate-limit invitations and messages, detect spam patterns and allow quiet defaults.",P1,Trust,"Given an eligible user and valid starting state, when the ""Anti-harassment controls"" workflow is exercised, ChessLab shall rate-limit invitations and messages, detect spam patterns and allow quiet defaults; verify that privacy, block, safe-mode, age and moderation rules are enforced before rendering or delivery.",S32
FR-157,Functional,"Trust, Safety & Fair Play",Audit trail,"Record sensitive admin, entitlement, moderation and analysis-policy decisions.",P0,Security,"Given an eligible user and valid starting state, when the ""Audit trail"" workflow is exercised, ChessLab shall record sensitive admin, entitlement, moderation and analysis-policy decisions; verify that privacy, block, safe-mode, age and moderation rules are enforced before rendering or delivery.",S31
FR-158,Functional,"Membership, Commerce & Entitlements",Free core access,Keep unlimited basic human chess while limiting selected analysis and learning extras.,P0,Commerce,"Given an eligible user and valid starting state, when the ""Free core access"" workflow is exercised, ChessLab shall keep unlimited basic human chess while limiting selected analysis and learning extras; verify that payment and entitlement transitions are idempotent, ledgered and recoverable after duplicate or delayed provider events.",S33
FR-159,Functional,"Membership, Commerce & Entitlements",Tiered entitlement service,"Resolve Gold, Platinum, Diamond and promotional entitlements server-side.",P1,Commerce,"Given an eligible user and valid starting state, when the ""Tiered entitlement service"" workflow is exercised, ChessLab shall resolve Gold, Platinum, Diamond and promotional entitlements server-side; verify that payment and entitlement transitions are idempotent, ledgered and recoverable after duplicate or delayed provider events.",S33
FR-160,Functional,"Membership, Commerce & Entitlements",Usage meters,"Track review, coach, puzzle and cloud-analysis limits with reset and grace rules.",P1,Commerce,"Given an eligible user and valid starting state, when the ""Usage meters"" workflow is exercised, ChessLab shall track review, coach, puzzle and cloud-analysis limits with reset and grace rules; verify that payment and entitlement transitions are idempotent, ledgered and recoverable after duplicate or delayed provider events.","S33,S07,S10"
FR-161,Functional,"Membership, Commerce & Entitlements",Plan comparison,"Compare tiers by benefit, limit, renewal period and platform-specific billing.",P1,Commerce,"Given an eligible user and valid starting state, when the ""Plan comparison"" workflow is exercised, ChessLab shall compare tiers by benefit, limit, renewal period and platform-specific billing; verify that payment and entitlement transitions are idempotent, ledgered and recoverable after duplicate or delayed provider events.",S33
FR-162,Functional,"Membership, Commerce & Entitlements",Trial lifecycle,"Support eligibility, reminders, conversion, cancellation and rollback.",P2,Commerce,"Given an eligible user and valid starting state, when the ""Trial lifecycle"" workflow is exercised, ChessLab shall support eligibility, reminders, conversion, cancellation and rollback; verify that payment and entitlement transitions are idempotent, ledgered and recoverable after duplicate or delayed provider events.",S33
FR-163,Functional,"Membership, Commerce & Entitlements",Upgrade proration,Calculate unused value or extended time according to payment channel.,P2,Commerce,"Given an eligible user and valid starting state, when the ""Upgrade proration"" workflow is exercised, ChessLab shall calculate unused value or extended time according to payment channel; verify that payment and entitlement transitions are idempotent, ledgered and recoverable after duplicate or delayed provider events.",S33
FR-164,Functional,"Membership, Commerce & Entitlements",Family plan,"Support one payer, up to five invited members and independent accounts.",P2,Commerce,"Given an eligible user and valid starting state, when the ""Family plan"" workflow is exercised, ChessLab shall support one payer, up to five invited members and independent accounts; verify that payment and entitlement transitions are idempotent, ledgered and recoverable after duplicate or delayed provider events.",S34
FR-165,Functional,"Membership, Commerce & Entitlements",Student verification,Apply country-specific discounts with eligibility and renewal checks.,P3,Commerce,"Given an eligible user and valid starting state, when the ""Student verification"" workflow is exercised, ChessLab shall apply country-specific discounts with eligibility and renewal checks; verify that payment and entitlement transitions are idempotent, ledgered and recoverable after duplicate or delayed provider events; the extension remains isolated from core play and is disabled until rights and operational readiness are approved.",S33
FR-166,Functional,"Membership, Commerce & Entitlements",Gift membership,"Schedule delivery, recipient resolution and redemption with fraud controls.",P3,Commerce,"Given an eligible user and valid starting state, when the ""Gift membership"" workflow is exercised, ChessLab shall schedule delivery, recipient resolution and redemption with fraud controls; verify that payment and entitlement transitions are idempotent, ledgered and recoverable after duplicate or delayed provider events; the extension remains isolated from core play and is disabled until rights and operational readiness are approved.",S33
FR-167,Functional,"Membership, Commerce & Entitlements",Billing and receipts,"Expose invoices, payment status, renewal date and support-safe identifiers.",P1,Commerce,"Given an eligible user and valid starting state, when the ""Billing and receipts"" workflow is exercised, ChessLab shall expose invoices, payment status, renewal date and support-safe identifiers; verify that payment and entitlement transitions are idempotent, ledgered and recoverable after duplicate or delayed provider events.",S33
FR-168,Functional,"Platform, Data & Operations",Authoritative chess rules service,"Validate legal moves, draw state, repetition and game termination server-side.",P0,Foundation,"Given an eligible user and valid starting state, when the ""Authoritative chess rules service"" workflow is exercised, ChessLab shall validate legal moves, draw state, repetition and game termination server-side; verify that authorization, rate limits, audit records, observability and graceful failure are verified without degrading an active game.",S37
FR-169,Functional,"Platform, Data & Operations",Real-time game service,"Maintain rooms, clocks, move ordering, reconnection and event fan-out.",P0,Scale,"Given an eligible user and valid starting state, when the ""Real-time game service"" workflow is exercised, ChessLab shall maintain rooms, clocks, move ordering, reconnection and event fan-out; verify that authorization, rate limits, audit records, observability and graceful failure are verified without degrading an active game.",S19
FR-170,Functional,"Platform, Data & Operations",Analysis job service,"Run bounded engine work asynchronously with cancellation, deduplication and versioning.",P0,Analysis,"Given an eligible user and valid starting state, when the ""Analysis job service"" workflow is exercised, ChessLab shall run bounded engine work asynchronously with cancellation, deduplication and versioning; verify that authorization, rate limits, audit records, observability and graceful failure are verified without degrading an active game.","S07,S37"
FR-171,Functional,"Platform, Data & Operations",Coach evidence pipeline,"Generate explanations only from legal state, engine output and deterministic facts.",P0,Coach,"Given an eligible user and valid starting state, when the ""Coach evidence pipeline"" workflow is exercised, ChessLab shall generate explanations only from legal state, engine output and deterministic facts; verify that authorization, rate limits, audit records, observability and graceful failure are verified without degrading an active game.",S37
FR-172,Functional,"Platform, Data & Operations",Content management,"Version lessons, puzzles, articles, translations, prerequisites and publication state.",P1,Operations,"Given an eligible user and valid starting state, when the ""Content management"" workflow is exercised, ChessLab shall version lessons, puzzles, articles, translations, prerequisites and publication state; verify that authorization, rate limits, audit records, observability and graceful failure are verified without degrading an active game.","S10,S12"
FR-173,Functional,"Platform, Data & Operations",Search platform,"Index players, games, studies, clubs, events and content with permission filters.",P1,Scale,"Given an eligible user and valid starting state, when the ""Search platform"" workflow is exercised, ChessLab shall index players, games, studies, clubs, events and content with permission filters; verify that authorization, rate limits, audit records, observability and graceful failure are verified without degrading an active game; empty, loading, no-result, permission-filtered and paginated states are covered.","S08,S20,S27"
FR-174,Functional,"Platform, Data & Operations",Object and media storage,"Store avatars, diagrams, exports and audio with scanning and lifecycle rules.",P1,Platform,"Given an eligible user and valid starting state, when the ""Object and media storage"" workflow is exercised, ChessLab shall store avatars, diagrams, exports and audio with scanning and lifecycle rules; verify that authorization, rate limits, audit records, observability and graceful failure are verified without degrading an active game.",S29
FR-175,Functional,"Platform, Data & Operations",Public API,Expose documented read-only public data with rate limits and privacy exclusions.,P2,Platform,"Given an eligible user and valid starting state, when the ""Public API"" workflow is exercised, ChessLab shall expose documented read-only public data with rate limits and privacy exclusions; verify that authorization, rate limits, audit records, observability and graceful failure are verified without degrading an active game.",S02
FR-176,Functional,"Platform, Data & Operations",Webhooks and integrations,"Publish approved game, study and event updates with signed delivery.",P3,Expansion,"Given an eligible user and valid starting state, when the ""Webhooks and integrations"" workflow is exercised, ChessLab shall publish approved game, study and event updates with signed delivery; verify that authorization, rate limits, audit records, observability and graceful failure are verified without degrading an active game; the extension remains isolated from core play and is disabled until rights and operational readiness are approved.",S02
FR-177,Functional,"Platform, Data & Operations",Experimentation system,Assign controlled UX and learning experiments with consent and guardrails.,P2,Growth,"Given an eligible user and valid starting state, when the ""Experimentation system"" workflow is exercised, ChessLab shall assign controlled UX and learning experiments with consent and guardrails; verify that authorization, rate limits, audit records, observability and graceful failure are verified without degrading an active game.",S24
FR-178,Functional,"Platform, Data & Operations",Observability,"Trace game moves, websocket health, engine jobs, coach errors and entitlement checks.",P0,Operations,"Given an eligible user and valid starting state, when the ""Observability"" workflow is exercised, ChessLab shall trace game moves, websocket health, engine jobs, coach errors and entitlement checks; verify that authorization, rate limits, audit records, observability and graceful failure are verified without degrading an active game.",S38
FR-179,Functional,"Platform, Data & Operations",Backup and recovery,"Back up accounts, games, studies and content with tested restoration targets.",P0,Operations,"Given an eligible user and valid starting state, when the ""Backup and recovery"" workflow is exercised, ChessLab shall back up accounts, games, studies and content with tested restoration targets; verify that authorization, rate limits, audit records, observability and graceful failure are verified without degrading an active game.",S38
FR-180,Functional,"Platform, Data & Operations",Data export and deletion,"Support privacy access, portability, retention and deletion workflows.",P0,Privacy,"Given an eligible user and valid starting state, when the ""Data export and deletion"" workflow is exercised, ChessLab shall support privacy access, portability, retention and deletion workflows; verify that authorization, rate limits, audit records, observability and graceful failure are verified without degrading an active game; private or revoked content is never exposed and the exported representation round-trips supported data.",S29
NFR-001,Non-functional,Availability,Availability,Core human play APIs target 99.95% monthly availability; learning and community surfaces degrade independently.,P0,Cross-cutting,"Measured in pre-production and production with named owner, dashboard, alert threshold and release gate.","S01,S02,S30,S31,S37"
NFR-002,Non-functional,Move latency,Move latency,Within-region accepted moves should reach both players at p95 under 250 ms excluding client network delay.,P0,Cross-cutting,"Measured in pre-production and production with named owner, dashboard, alert threshold and release gate.","S01,S02,S30,S31,S37"
NFR-003,Non-functional,Clock authority,Clock authority,"Server clocks are authoritative and resilient to client pause, backgrounding and reconnect.",P0,Cross-cutting,"Measured in pre-production and production with named owner, dashboard, alert threshold and release gate.","S01,S02,S30,S31,S37"
NFR-004,Non-functional,Analysis latency,Analysis latency,"Standard post-game review returns initial highlights within 10 seconds at p95, then streams deeper results.",P0,Cross-cutting,"Measured in pre-production and production with named owner, dashboard, alert threshold and release gate.","S01,S02,S30,S31,S37"
NFR-005,Non-functional,Engine isolation,Engine isolation,"Engine workers run with CPU, memory, time, process and input limits and cannot access user secrets.",P0,Cross-cutting,"Measured in pre-production and production with named owner, dashboard, alert threshold and release gate.","S01,S02,S30,S31,S37"
NFR-006,Non-functional,Data integrity,Data integrity,Games and study branches use optimistic revisions or event ordering to reject stale overwrites.,P0,Cross-cutting,"Measured in pre-production and production with named owner, dashboard, alert threshold and release gate.","S01,S02,S30,S31,S37"
NFR-007,Non-functional,Durability,Durability,Committed games and studies target zero acknowledged-write loss within the declared recovery architecture.,P0,Cross-cutting,"Measured in pre-production and production with named owner, dashboard, alert threshold and release gate.","S01,S02,S30,S31,S37"
NFR-008,Non-functional,Recovery,Recovery,Target RPO is 5 minutes and RTO is 60 minutes for user content after a regional service loss.,P0,Cross-cutting,"Measured in pre-production and production with named owner, dashboard, alert threshold and release gate.","S01,S02,S30,S31,S37"
NFR-009,Non-functional,Accessibility,Accessibility,"Core play, review and learning meet WCAG 2.2 AA, including non-drag operation and meaningful board narration.",P0,Cross-cutting,"Measured in pre-production and production with named owner, dashboard, alert threshold and release gate.","S01,S02,S30,S31,S37"
NFR-010,Non-functional,Responsive layout,Responsive layout,Core flows work without horizontal document overflow from 320 px to 1920 px.,P0,Cross-cutting,"Measured in pre-production and production with named owner, dashboard, alert threshold and release gate.","S01,S02,S30,S31,S37"
NFR-011,Non-functional,Security,Security,"Follow OWASP ASVS-aligned controls for authentication, sessions, authorization, input validation and secrets.",P0,Cross-cutting,"Measured in pre-production and production with named owner, dashboard, alert threshold and release gate.","S01,S02,S30,S31,S37"
NFR-012,Non-functional,Privacy,Privacy,"Collect the minimum personal data and provide export, correction, deletion and retention controls.",P0,Cross-cutting,"Measured in pre-production and production with named owner, dashboard, alert threshold and release gate.","S01,S02,S30,S31,S37"
NFR-013,Non-functional,Child safety,Child safety,Age-appropriate social defaults and consent requirements vary by jurisdiction and are policy-configurable.,P0,Cross-cutting,"Measured in pre-production and production with named owner, dashboard, alert threshold and release gate.","S01,S02,S30,S31,S37"
NFR-014,Non-functional,Fair-play enforcement,Fair-play enforcement,Every analysis or coach request evaluates the game-context policy before engine or model access.,P0,Cross-cutting,"Measured in pre-production and production with named owner, dashboard, alert threshold and release gate.","S01,S02,S30,S31,S37"
NFR-015,Non-functional,Model grounding,Model grounding,"Coach claims about legality, material, threats and continuations require machine-verifiable evidence.",P0,Cross-cutting,"Measured in pre-production and production with named owner, dashboard, alert threshold and release gate.","S01,S02,S30,S31,S37"
NFR-016,Non-functional,Prompt safety,Prompt safety,Imported or community text is never concatenated into privileged system instructions without isolation.,P0,Cross-cutting,"Measured in pre-production and production with named owner, dashboard, alert threshold and release gate.","S01,S02,S30,S31,S37"
NFR-017,Non-functional,Observability,Observability,"Every move, analysis job, policy rejection and entitlement decision has traceable correlation IDs.",P0,Cross-cutting,"Measured in pre-production and production with named owner, dashboard, alert threshold and release gate.","S01,S02,S30,S31,S37"
NFR-018,Non-functional,Auditability,Auditability,"Sensitive admin actions are immutable, attributable, searchable and retained by policy.",P0,Cross-cutting,"Measured in pre-production and production with named owner, dashboard, alert threshold and release gate.","S01,S02,S30,S31,S37"
NFR-019,Non-functional,Localization,Localization,"Dates, clocks, notation, numbers, language and content language are independently configurable.",P1,Cross-cutting,"Measured in pre-production and production with named owner, dashboard, alert threshold and release gate.","S01,S02,S30,S31,S37"
NFR-020,Non-functional,Cross-device continuity,Cross-device continuity,"Saved games, preferences, progress and studies converge across signed-in web and mobile clients.",P1,Cross-cutting,"Measured in pre-production and production with named owner, dashboard, alert threshold and release gate.","S01,S02,S30,S31,S37"
NFR-021,Non-functional,Offline resilience,Offline resilience,"Draft notes can persist locally, while competitive moves require confirmed server acceptance.",P1,Cross-cutting,"Measured in pre-production and production with named owner, dashboard, alert threshold and release gate.","S01,S02,S30,S31,S37"
NFR-022,Non-functional,Search authorization,Search authorization,Search results are permission-filtered before ranking and never reveal private collection metadata.,P0,Cross-cutting,"Measured in pre-production and production with named owner, dashboard, alert threshold and release gate.","S01,S02,S30,S31,S37"
NFR-023,Non-functional,Payment correctness,Payment correctness,"Entitlement changes are idempotent, ledgered and reconciled against payment-provider events.",P0,Cross-cutting,"Measured in pre-production and production with named owner, dashboard, alert threshold and release gate.","S01,S02,S30,S31,S37"
NFR-024,Non-functional,Rate limiting,Rate limiting,"Apply actor, IP, route and cost-based limits with accessibility-safe recovery messages.",P0,Cross-cutting,"Measured in pre-production and production with named owner, dashboard, alert threshold and release gate.","S01,S02,S30,S31,S37"
NFR-025,Non-functional,Abuse resistance,Abuse resistance,"Challenge, message, invite, comment and API systems include spam and automation controls.",P0,Cross-cutting,"Measured in pre-production and production with named owner, dashboard, alert threshold and release gate.","S01,S02,S30,S31,S37"
NFR-026,Non-functional,Browser support,Browser support,"Support current and previous major versions of Chrome, Safari, Firefox and Edge for core flows.",P1,Cross-cutting,"Measured in pre-production and production with named owner, dashboard, alert threshold and release gate.","S01,S02,S30,S31,S37"
NFR-027,Non-functional,Mobile performance,Mobile performance,Interactive home and board surfaces target LCP under 2.5 seconds on a representative mid-range Android device.,P1,Cross-cutting,"Measured in pre-production and production with named owner, dashboard, alert threshold and release gate.","S01,S02,S30,S31,S37"
NFR-028,Non-functional,Bundle discipline,Bundle discipline,Do not ship native engine binaries or model weights to clients unless an explicit offline product requires them.,P1,Cross-cutting,"Measured in pre-production and production with named owner, dashboard, alert threshold and release gate.","S01,S02,S30,S31,S37"
NFR-029,Non-functional,Content provenance,Content provenance,"Lessons, puzzles, master games and generated explanations retain source, rights and version metadata.",P0,Cross-cutting,"Measured in pre-production and production with named owner, dashboard, alert threshold and release gate.","S01,S02,S30,S31,S37"
NFR-030,Non-functional,Experiment safety,Experiment safety,"Experiments cannot alter rating, fair-play enforcement, billing or child-safety outcomes without dedicated review.",P0,Cross-cutting,"Measured in pre-production and production with named owner, dashboard, alert threshold and release gate.","S01,S02,S30,S31,S37"
NFR-031,Non-functional,Deletion safety,Deletion safety,"Destructive actions require clear scope, confirmation and recoverability where policy permits.",P0,Cross-cutting,"Measured in pre-production and production with named owner, dashboard, alert threshold and release gate.","S01,S02,S30,S31,S37"
NFR-032,Non-functional,Graceful degradation,Graceful degradation,"Failure of coach, analytics, chat or content services must not terminate an active legal game.",P0,Cross-cutting,"Measured in pre-production and production with named owner, dashboard, alert threshold and release gate.","S01,S02,S30,S31,S37"
NFR-033,Non-functional,Cost controls,Cost controls,"Engine and model workloads expose quotas, queue depth, timeouts, cancellation and per-feature cost telemetry.",P0,Cross-cutting,"Measured in pre-production and production with named owner, dashboard, alert threshold and release gate.","S01,S02,S30,S31,S37"
NFR-034,Non-functional,Version compatibility,Version compatibility,Clients negotiate API and study schema versions and preserve unknown fields during round trips.,P1,Cross-cutting,"Measured in pre-production and production with named owner, dashboard, alert threshold and release gate.","S01,S02,S30,S31,S37"
NFR-035,Non-functional,Legal clean room,Legal clean room,"No Chess.com logos, proprietary assets, copied interaction text, move glyphs, sounds or confidential implementation are used.",P0,Cross-cutting,"Measured in pre-production and production with named owner, dashboard, alert threshold and release gate.","S01,S02,S30,S31,S37"
